Date,MMM,AOS,ABT,ABBV,ABMD,ACN,ATVI,ADM,ADBE,AAP,AMD,AES,AFL,A,APD,AKAM,ALK,ALB,ARE,ALGN,ALLE,LNT,ALL,GOOGL,GOOG,MO,AMZN,AMCR,AEE,AAL,AEP,AXP,AIG,AMT,AWK,AMP,ABC,AME,AMGN,APH,ADI,ANSS,ANTM,AON,APA,AAPL,AMAT,APTV,ANET,AJG,AIZ,T,ATO,ADSK,ADP,AZO,AVB,AVY,BKR,BLL,BAC,BBWI,BAX,BDX,BRK-B,BBY,BIO,TECH,BIIB,BLK,BK,BA,BKNG,BWA,BXP,BSX,BMY,AVGO,BR,BRO,BF-B,CHRW,CDNS,CZR,CPB,COF,CAH,KMX,CCL,CARR,CTLT,CAT,CBOE,CBRE,CDW,CE,CNC,CNP,CDAY,CERN,CF,CRL,SCHW,CHTR,CVX,CMG,CB,CHD,CI,CINF,CTAS,CSCO,C,CFG,CTXS,CLX,CME,CMS,KO,CTSH,CL,CMCSA,CMA,CAG,COP,ED,STZ,CPRT,GLW,CTVA,COST,CTRA,CCI,CSX,CMI,CVS,DHI,DHR,DRI,DVA,DE,DAL,XRAY,DVN,DXCM,FANG,DLR,DFS,DISCA,DISCK,DISH,DG,DLTR,D,DPZ,DOV,DOW,DTE,DUK,DRE,DD,DXC,EMN,ETN,EBAY,ECL,EIX,EW,EA,LLY,EMR,ENPH,ETR,EOG,EFX,EQIX,EQR,ESS,EL,ETSY,RE,EVRG,ES,EXC,EXPE,EXPD,EXR,XOM,FFIV,FB,FAST,FRT,FDX,FIS,FITB,FRC,FE,FISV,FLT,FMC,F,FTNT,FTV,FBHS,FOXA,FOX,BEN,FCX,GPS,GRMN,IT,GNRC,GD,GE,GIS,GM,GPC,GILD,GPN,GL,GS,HAL,HBI,HAS,HCA,PEAK,HSIC,HES,HPE,HLT,HOLX,HD,HON,HRL,HST,HWM,HPQ,HUM,HBAN,HII,IBM,IEX,IDXX,INFO,ITW,ILMN,INCY,IR,INTC,ICE,IFF,IP,IPG,INTU,ISRG,IVZ,IPGP,IQV,IRM,JBHT,JKHY,J,SJM,JNJ,JCI,JPM,JNPR,KSU,K,KEY,KEYS,KMB,KIM,KMI,KLAC,KHC,KR,LHX,LH,LRCX,LW,LVS,LEG,LDOS,LEN,LNC,LIN,LYV,LKQ,LMT,L,LOW,LUMN,LYB,MTB,MRO,MPC,MKTX,MAR,MMC,MLM,MAS,MA,MTCH,MKC,MCD,MCK,MDT,MRK,MET,MTD,MGM,MCHP,MU,MSFT,MAA,MRNA,MHK,TAP,MDLZ,MPWR,MNST,MCO,MS,MSI,MSCI,NDAQ,NTAP,NFLX,NWL,NEM,NWSA,NWS,NEE,NLSN,NKE,NI,NSC,NTRS,NOC,NLOK,NCLH,NRG,NUE,NVDA,NVR,NXPI,ORLY,OXY,ODFL,OMC,OKE,ORCL,OGN,OTIS,PCAR,PKG,PH,PAYX,PAYC,PYPL,PENN,PNR,PBCT,PEP,PKI,PFE,PM,PSX,PNW,PXD,PNC,POOL,PPG,PPL,PFG,PG,PGR,PLD,PRU,PTC,PEG,PSA,PHM,PVH,QRVO,QCOM,PWR,DGX,RL,RJF,RTX,O,REG,REGN,RF,RSG,RMD,RHI,ROK,ROL,ROP,ROST,RCL,SPGI,CRM,SBAC,SLB,STX,SEE,SRE,NOW,SHW,SPG,SWKS,SNA,SO,LUV,SWK,SBUX,STT,STE,SYK,SIVB,SYF,SNPS,SYY,TMUS,TROW,TTWO,TPR,TGT,TEL,TDY,TFX,TER,TSLA,TXN,TXT,COO,HIG,HSY,MOS,TRV,DIS,TMO,TJX,TSCO,TT,TDG,TRMB,TFC,TWTR,TYL,TSN,USB,UDR,ULTA,UAA,UA,UNP,UAL,UPS,URI,UNH,UHS,VLO,VTR,VRSN,VRSK,VZ,VRTX,VFC,VIAC,VTRS,V,VNO,VMC,WRB,GWW,WAB,WBA,WMT,WM,WAT,WEC,WFC,WELL,WST,WDC,WU,WRK,WY,WHR,WMB,WLTW,WYNN,XEL,XLNX,XYL,YUM,ZBRA,ZBH,ZION,ZTS
2019/10/31,6.51E-18,7.63E-17,0.001261138,4.68E-17,0.006691027,0.003538055,0.008354423,7.37E-17,0.007609061,2.30E-17,0.010641809,2.52E-17,9.54E-18,0,4.08E-17,3.64E-17,6.07E-18,4.03E-17,0.001565987,0.005979383,0.001943974,0.000804892,7.73E-05,0.001283426,0.002165175,6.94E-18,0.010407864,4.77E-17,0,0,0.002140985,2.99E-17,0.001529481,0.002410325,0.000416708,0,1.30E-17,0.000503759,8.67E-19,1.13E-17,0.001098118,0.016922822,0.00207468,1.04E-17,0,0.021709525,0.003360152,4.47E-17,0.012617481,3.90E-18,0.000183437,0,0.0010554,0.011703341,0,0.002798857,0.000864833,0,0,0.004205194,0,0,0.002621533,4.34E-19,0,0.00365605,0,0.017437386,1.73E-18,0,8.67E-19,0,7.81E-18,0,4.77E-18,6.07E-18,0.00199203,0.01075653,0.003105486,0,0.006662837,5.20E-17,0.00613241,0.005817775,2.47E-17,0,5.64E-18,1.04E-17,0,0,0.013046772,8.03E-05,0,0,0.005120999,1.34E-17,0,1.86E-17,0,0,1.47E-17,0,0,1.08E-17,2.82E-17,0.015707078,9.54E-18,0,2.17E-18,4.34E-17,0,1.04E-17,2.17E-17,4.03E-17,0,0,1.69E-17,0.003762563,0,7.37E-18,3.47E-18,1.86E-17,0,0,0,1.39E-17,9.54E-18,0.01101736,0,0,0.00236577,0,0.004270867,0,3.90E-18,0,0,0.001242794,0.002946493,9.54E-18,0,0,1.73E-18,0,0.019273068,1.30E-18,0,8.24E-18,4.77E-18,0,0,6.91E-06,2.99E-17,0,0.000983598,0,0,5.64E-18,0,0,0,1.30E-17,0,5.20E-18,1.78E-17,0.003799442,4.34E-18,0.022692097,0.000287247,3.08E-17,4.34E-18,0.035435263,0.009203939,0,0.011992954,0.007148725,0.002365135,0.004127332,0.006962754,0,0.006417533,6.94E-18,0.001538422,0,0,1.65E-17,8.67E-19,2.56E-17,0,0,2.60E-18,0,3.04E-18,0.000491905,6.07E-18,3.04E-17,0.004740772,0.009031394,0.006538012,0.004808257,2.34E-17,0.017891357,0,7.81E-18,0,0,6.07E-18,3.82E-17,0,0.006624177,8.67E-19,0.01124183,0,1.13E-17,0,4.77E-18,0,0,0.021936447,2.69E-17,0,0,8.67E-18,0.002508392,8.67E-19,0.001555904,0,3.69E-17,0,0.001536582,8.67E-19,0.000156764,1.30E-18,2.69E-17,3.56E-17,0,3.47E-18,6.07E-18,8.67E-19,2.17E-18,0.003090894,2.21E-17,0,0.003547858,3.47E-18,9.54E-18,0.01490959,0,0.004909967,0,4.77E-18,2.17E-18,0,0.007208125,0.002654222,0,0,0,0,1.47E-17,9.11E-18,0,0,1.04E-17,0,0,0,1.73E-18,0,1.39E-17,0.010829824,0.001731209,0,7.76E-17,0.011000964,0,1.60E-17,0.004003748,0,0.007387168,0,0.000126845,0.011374472,0.002691639,0,0,1.78E-17,0.004577768,0,0,3.12E-17,8.67E-19,0,2.60E-18,0,6.85E-17,4.42E-17,0.007596332,0,0,0.001586197,0.002303732,0.00908923,0.043345112,0,8.67E-19,2.60E-18,0.004192634,6.94E-18,0,0.004814338,9.11E-18,0,0,0.005020798,0.006419072,0,0,0,9.97E-18,0,0,0.007957516,0,2.60E-18,0.006867452,1.17E-17,1.65E-17,1.17E-17,4.34E-19,2.52E-17,4.34E-18,5.42E-17,0.005917454,0,7.81E-18,1.73E-18,0,8.24E-18,0.008832174,2.17E-18,0,3.47E-18,2.65E-17,0.011780292,0.004375833,0.013451374,0.003562803,8.67E-19,0.005888485,0,2.08E-17,4.34E-18,0,0,1.26E-17,0.000219467,6.07E-18,0,0.028328257,0,0,0,2.52E-17,6.51E-18,0,4.77E-17,3.04E-18,0,8.67E-18,0,1.47E-17,0.007203863,0,2.17E-18,1.13E-17,0.000436801,0,0,0,2.60E-18,0,1.04E-17,5.64E-18,0,0,1.73E-18,4.34E-18,0.00139331,0,1.39E-17,3.04E-18,2.60E-18,0,0,1.95E-17,8.67E-19,0.015760035,0,5.64E-18,6.51E-18,0,0,0.002704984,0.00823874,0.005106379,0.011266257,0,0.0107955,0,0.004852669,0.013566955,0.008913205,0,0.010412348,6.94E-18,0,0,0.002701169,0.014406014,0,9.54E-18,0.005395071,1.43E-17,0.005134874,0.00754205,1.47E-17,0.009874782,3.90E-18,0.008371883,0.00067027,3.47E-18,9.97E-18,0.004844928,8.67E-18,0.004995383,0.003328008,0,4.77E-18,1.73E-18,1.73E-18,0.000357741,8.67E-18,1.82E-17,0,0,0,2.95E-17,3.90E-18,0.001379844,1.73E-18,0,0,0.011911319,1.17E-17,0,0.002617015,0,0,0,0,0,0,0,0,0.000358219,1.47E-17,1.56E-17,0.001765025,0,5.20E-18,0,1.17E-17,0,0,0.006935328,2.47E-17,0.003563788,0.00225696,5.20E-18,2.04E-17,0,3.04E-18,0,6.07E-18,0.002839358,0,4.77E-18,0,0.007947693,0,0,0,0,0,6.07E-18,0.004358503,0.000716058,1.39E-17,2.60E-18,1.73E-18,0.016626117,0.002841084,0,0.007059732
2019/11/29,3.24E-16,6.20E-17,1.77E-16,6.59E-17,0,8.54E-17,1.05E-16,0,0,0,0.003407841,0,0,9.67E-17,0,3.34E-17,3.56E-16,8.63E-17,3.24E-16,1.62E-16,2.03E-16,0,0,0,8.15E-17,0,1.19E-16,0,2.60E-16,0,0,0,0,0,0,2.60E-18,0,6.03E-17,0,0,0,1.37E-16,0,0,2.51E-16,0.054767752,0.007507938,0,8.72E-17,0,1.34E-17,7.85E-17,0,0.003983349,1.21E-16,1.54E-16,3.25E-17,1.10E-16,4.38E-17,0,2.75E-16,0,7.33E-17,1.83E-16,0,9.50E-17,0,0,1.67E-16,0,0,3.01E-16,0,4.07E-16,1.39E-16,1.57E-16,0,0.023890165,1.69E-17,0,0,5.42E-17,0,0.043726602,0,0,0,0,0,0,0,0,7.32E-16,0,0,0,1.62E-16,0,0,2.13E-16,0,3.51E-17,1.12E-16,7.81E-17,2.30E-17,0.03356014,0,9.32E-17,0,0,0,0,0,0,2.67E-16,0,0,0,0,0,8.67E-18,0,2.09E-16,4.16E-16,1.09E-16,4.03E-17,2.88E-16,5.33E-17,3.01E-16,0,3.04E-18,0,0,7.85E-17,0,3.82E-17,9.58E-17,3.17E-17,7.72E-17,2.86E-17,0,3.73E-17,0,3.43E-17,1.98E-16,0,1.34E-16,0,1.34E-16,0,1.01E-16,4.70E-16,9.37E-17,0,0,0,0,0,0,2.05E-16,1.05E-16,0,4.86E-16,0,2.37E-16,0,0,0.058962401,6.90E-17,0,1.47E-16,0.131078666,0,0,0,0,0,0,4.03E-17,0,0,4.89E-16,0,0,0,1.83E-16,0,0,0,0,0,2.23E-16,0,3.77E-17,0,0,5.03E-17,7.33E-17,1.06E-16,5.85E-17,2.22E-16,0.035381021,0,0,0,0,1.51E-16,0,1.11E-16,0,1.65E-17,0.016234154,1.99E-16,1.03E-16,1.80E-16,2.51E-16,2.51E-16,2.76E-16,0.051272525,0,0,1.82E-16,1.38E-16,1.26E-16,6.42E-17,0,0,1.31E-16,0,0,0,6.98E-17,9.97E-18,0,3.90E-18,0,2.95E-16,6.38E-17,0,2.13E-17,0,1.53E-16,1.24E-16,0,1.65E-17,1.30E-18,2.65E-17,0,0.009540416,2.12E-16,2.75E-16,0,8.67E-19,7.24E-17,1.26E-17,3.83E-16,0,0,1.17E-16,5.85E-17,0,0,0,0,0,5.03E-17,0,2.50E-16,0,0,6.03E-17,6.51E-18,1.26E-17,0,0.05916437,0,7.59E-17,1.94E-16,2.43E-17,0.037947846,0,0,0,0,1.40E-16,1.31E-16,0,4.77E-18,1.11E-16,1.33E-16,0,4.47E-17,2.60E-17,4.34E-19,2.03E-16,0,0,0,1.78E-17,0,1.43E-17,2.34E-17,0,0.122970212,5.42E-17,1.96E-16,0,0,7.89E-17,4.60E-17,0,0,1.35E-16,0.019718975,6.51E-18,5.07E-17,0,4.48E-16,2.94E-16,0,9.11E-18,2.89E-16,2.39E-17,0,0,0,0,2.04E-17,0,8.02E-17,0,0,0,4.90E-17,6.68E-17,2.05E-16,0,0,9.15E-17,8.63E-17,8.11E-17,0,0,2.65E-17,0.005162216,1.69E-17,0.048622035,0,0,1.60E-17,3.38E-17,1.28E-16,0,0,0,5.20E-18,0,4.12E-17,0,0.043632418,0,0,0,0,4.08E-17,0,0,0,4.21E-17,0,0,4.68E-17,3.86E-17,0,0,7.11E-17,7.33E-17,0,0,0,0,0,0,0,8.76E-17,0,0,0,0,0,0,3.77E-17,2.82E-17,0,1.24E-16,3.95E-17,3.04E-18,5.33E-17,1.43E-16,0,0,9.50E-17,5.98E-17,6.51E-18,2.13E-17,0,4.99E-17,0,2.21E-17,1.34E-17,4.64E-17,0.008089713,0,1.30E-16,0.019763678,0,9.93E-17,3.51E-17,2.13E-17,0.039786579,4.73E-17,0,5.51E-17,0,1.60E-17,0,7.98E-17,0,1.07E-16,0,0,1.02E-16,2.43E-16,0,0,3.25E-17,4.21E-17,8.24E-18,0,1.30E-18,8.37E-17,0,3.83E-16,0,0,1.38E-16,6.42E-17,0,0,0,0,0,0,0.001926162,0,2.21E-17,0,7.16E-17,0,0,1.65E-17,2.30E-17,0,5.98E-17,9.54E-18,0,0,0,1.41E-16,1.37E-16,0,0,1.59E-16,0,0,3.90E-18,0,8.72E-17,2.91E-17,0,2.65E-17,8.63E-17,2.26E-17,1.07E-16,0,2.30E-17,3.14E-16,0,0,0.013486299,2.60E-18,0,0,0,1.04E-16,0,0.04412171,0,0,1.22E-16,1.05E-16,0.062294818,3.34E-17,0,0
2019/12/31,0,0,9.89E-17,0.006980862,0,0.00369352,0.011370216,1.73E-18,5.38E-17,0.007418144,0.006063721,0.010175099,0,1.73E-17,1.04E-17,0,0.001261113,0.012300623,0.001191878,0,0,0.005303745,0,0,0,0.001018534,1.69E-17,2.86E-17,0.004299919,0,0.005191151,0,0,0.009095226,2.76E-05,2.60E-18,0.010689905,6.94E-18,2.91E-17,5.20E-18,1.17E-17,0.006947083,7.59E-17,9.54E-18,0.007302114,0.019132172,0.001820129,1.60E-17,0,2.73E-17,0.003350437,0.011736375,0.004889361,1.95E-17,0,0,6.94E-18,3.21E-17,0.018110914,0,3.90E-18,0.008537367,0.001853079,0,2.60E-18,0.017658721,0,0,0,0,4.03E-17,9.11E-17,1.30E-18,0,0,0,0.008167951,0,0,0.000765543,0.015280834,7.76E-17,0,0.023424096,0.007806635,4.34E-18,3.47E-18,2.08E-17,8.24E-18,0,0.003836643,0,6.94E-18,0,0.007033212,0,0,2.13E-17,0,2.39E-17,0.000427741,1.43E-17,0,0,0.000190605,0.011497796,4.34E-19,8.67E-18,0,2.60E-17,8.67E-19,0,0,0,0,1.43E-17,2.39E-17,0.003503301,0.003545919,0,3.90E-18,2.08E-17,2.69E-17,0.025673665,0.007281471,0.006664421,0,0,4.77E-17,0,0.007104544,0,0.009485154,0,3.04E-18,1.91E-17,0,0.004803532,0,3.04E-18,0.001666938,0,0.005480069,2.17E-17,0,0.00781949,1.13E-17,0,0,0,0,1.65E-17,9.54E-18,0.003197876,0.006088886,0.001971827,0,0.00138023,0,0,8.07E-17,0,0,0,0,6.07E-18,1.47E-17,0.006415452,0.013624973,0.016131795,0,0.00747653,0.009848139,0.006727648,1.78E-17,0.00986252,0,0.001030274,0.00343545,0,0.002855239,0.00241371,0.009923575,1.47E-17,0,0,0.003917517,1.08E-17,9.97E-18,0,1.91E-17,0,0,1.30E-18,0,0,4.34E-19,0.002132607,0,1.47E-17,2.47E-17,5.33E-17,0,1.91E-17,0,0,4.34E-19,0,2.43E-17,0,0,0.004335685,1.86E-17,1.08E-17,7.81E-18,0,0.007435299,0,0.006324837,0,0,0.004102844,9.54E-18,0,0,0.005133608,0,3.47E-18,0,0.016138831,5.64E-18,4.77E-18,0,0.008525792,0.002543906,0,0,0,0,0,4.77E-18,0,1.56E-17,0.002074513,0,2.34E-17,0,0,0.011428648,0,0,0,8.67E-18,0.002129709,0,2.86E-17,5.20E-18,0,1.91E-17,0,0,0,6.94E-18,0.002246224,0,2.60E-17,4.77E-18,0,0,2.99E-17,3.34E-17,7.37E-18,0,0,0.009534934,0,0,0,0,0.001916811,0,0,6.94E-18,0.00415648,1.39E-17,0,0.003498179,4.34E-18,0,0,0,7.37E-18,0,0,0,0.001491737,0,0,0.008879459,0,0.00356157,7.81E-18,8.24E-18,0.017655792,0.007173764,0.003414129,0.00094012,0.00620846,0.011885464,0,0.015012887,0,8.24E-18,0,0,0.000327473,0,5.64E-18,0,0.007791496,2.60E-18,0,0,1.30E-18,0,2.52E-17,0,4.34E-19,1.65E-17,0.01823766,0.019410337,0.004147733,0.005910022,0.011363191,2.34E-17,4.34E-19,0.000688787,0,0,2.60E-18,1.73E-18,1.56E-17,0,0,0.026957372,0.00199129,1.43E-17,0.005882425,8.67E-19,0,3.90E-18,1.04E-17,0,0,0,0,0,0,0,0,0,0,0.006950311,0,0,0,0,0.001894377,0,0,0.017051343,4.34E-18,0.005593639,4.34E-19,0.003197092,0,8.67E-19,7.81E-18,1.17E-17,4.77E-18,9.54E-18,0,0.000637113,5.20E-18,9.54E-18,0,0,0,0,0,0,9.11E-18,2.17E-18,4.34E-18,0,8.67E-18,0,0.012185251,1.04E-17,0,0,0,4.34E-18,8.67E-19,0,2.13E-17,2.60E-18,0,0,5.20E-18,0.001099459,0,0,0,0.01585742,0,0.008061619,1.56E-17,0,0.006615404,1.30E-18,1.30E-18,0.009261424,0,5.20E-18,0,0.011663686,0,0,0.012381438,0.007578191,0.019871414,0,1.30E-18,0.003394755,1.17E-17,0.030129953,0,0,1.21E-17,0,0,8.67E-19,0,1.56E-17,2.17E-18,1.04E-17,0,1.78E-17,1.73E-18,0,9.11E-18,0,8.24E-18,0,0,0,0.018434067,0.011524157,0,0,0,5.20E-18,0,5.51E-05,0,0,8.67E-19,1.73E-18,1.34E-17,0.006018342,0,1.30E-18,0,6.07E-18,1.73E-18,4.77E-18,0.002825506,0.0011711,1.30E-18,5.20E-18,0,3.47E-18,1.04E-17,0.002291647,0.00707159,6.07E-18,4.34E-18,6.07E-18,0,0.001997954,0,1.17E-17,0,0,0,0,0.005988002,0,0,5.20E-18,0.008107799,0.00211474,9.54E-18,0.021205787
2020/1/31,2.78E-17,8.02E-17,0,0.027099849,4.99E-17,0.001785368,6.03E-17,0,0.004392146,0.002102215,0.043582756,0.003138963,0,0,0.000323492,4.34E-19,9.97E-18,1.13E-17,0.002025406,0.023156089,0.002798398,4.24E-05,0,0.009619874,0.010257672,0,0.001925641,0.002082797,2.04E-17,3.60E-17,0.001578937,0,8.67E-19,0,0,0.002951712,3.47E-18,0.003190944,1.73E-18,2.34E-17,0,0.012797152,0,0.002511912,0,0.017468892,0.002830345,0,2.99E-17,0.004008614,9.97E-18,0,1.08E-17,0.012929569,0.000884693,0,0,1.35E-05,4.77E-18,1.82E-17,2.26E-17,0.009228125,3.04E-18,9.54E-18,0,0,0.021078189,0.00245235,0,1.26E-17,0,0,0,0,0,0,0.01224256,0.002943375,4.68E-17,0.009693271,0.00121172,5.64E-18,1.60E-17,0.029926963,3.90E-17,8.24E-18,0,0.004441305,0,0,0,0,4.34E-18,0,0.004131509,0,0.005405574,0,0,0,0,6.51E-18,0.008672918,0.008431971,0,0.005591102,0.001655845,2.65E-17,0.005873266,0,0.000928569,1.34E-17,0,6.51E-18,7.37E-18,1.47E-17,0.00403112,0,0,2.39E-17,0,1.26E-17,4.77E-18,0.005810087,3.21E-17,0,3.04E-18,0.015909414,1.56E-17,0,0.000828361,3.25E-17,0.001299334,2.43E-17,1.08E-17,0.012377681,0.008685834,0.003362464,0,2.99E-17,6.07E-18,8.67E-18,0.001039005,0,0.005138946,5.59E-17,4.34E-19,0,1.17E-17,0,0,1.04E-17,0,0.002668703,8.67E-18,0,0,1.08E-17,0,2.60E-18,3.04E-18,0,0,0,0,0,0,0.014526533,0.001135211,0.011141382,0,0.028929981,0.004630111,0,0,0.001867966,2.17E-18,0,0,0,0.006442933,0,0.002448394,0,3.77E-17,2.13E-17,0,8.67E-18,3.04E-18,0,0,0,8.11E-17,0.006032483,0,0.010097145,0.003748663,0.007955815,9.97E-18,0,0,0.013541944,0,3.90E-18,0,0,0,2.17E-18,9.11E-18,0.003064832,3.90E-18,0,1.65E-17,0,1.30E-18,3.90E-18,0,0,0.01269883,0.001582338,1.13E-17,4.34E-19,5.07E-17,1.52E-17,2.82E-17,1.30E-18,9.97E-18,0,0,0.004742281,5.64E-18,0,1.30E-18,0.005651578,0,0,1.34E-17,0,0,0.002946726,4.34E-18,0,2.17E-18,3.47E-18,5.53E-06,0,2.47E-17,0,0.008567169,0.002987548,3.04E-18,2.60E-18,0,0,2.17E-18,2.47E-17,1.08E-17,1.86E-17,0,0,0,3.47E-18,8.67E-19,4.34E-19,0,0.004625227,1.47E-17,0.006495645,0,5.20E-18,4.77E-18,0,0,4.77E-18,0,0,0.01056772,0.002241787,1.30E-18,0.011433527,0,8.24E-18,2.89E-05,0.001101822,0.006609673,0,1.30E-18,0,0.006429928,0.004299609,1.69E-17,0,0,0,3.90E-18,0,0,0,0,0,0,5.64E-18,0.006405793,0.017873115,0.001155384,5.20E-18,0,0.003696849,0,7.28E-05,3.04E-18,0,0,0,0.010559755,0,0,2.17E-18,0,0.002599939,2.17E-18,3.47E-18,0.007031475,2.17E-18,0,0.00585255,0.000343558,0,6.51E-18,0,2.17E-18,1.78E-17,8.24E-18,0.007201621,1.34E-17,0.00096461,0,0,4.77E-18,0.001554829,2.17E-18,0.008094454,0,8.24E-18,0.018627206,0.00055012,0.000620715,0.003807985,1.69E-17,0,2.95E-17,1.30E-18,2.17E-18,0,0,0,8.67E-19,0,0.008452763,0.032566542,0,0,0,1.26E-17,4.77E-18,1.30E-18,0,1.69E-17,0,0,8.67E-18,0.001450169,1.30E-18,0,0.001093682,4.77E-18,3.90E-18,0.004070502,7.37E-18,1.08E-17,0,3.47E-18,0,0.007092588,0,0.028128156,0.009841953,0,0.001533002,0,0.003292148,0.00123626,0,0,0,0,5.64E-18,0.009062866,3.90E-18,3.47E-18,0.00431,0,4.34E-19,0.007926909,6.94E-18,0.002168441,0,2.65E-17,2.34E-17,0,0.003699639,0.008823044,3.47E-18,4.34E-18,0.011221267,5.64E-18,0.003665635,0,0,0,0.012466604,8.24E-18,0,6.07E-18,6.94E-18,0.00372313,0.001991142,7.81E-18,0.007289848,0.00153198,7.37E-18,0.014437828,0,0.004770133,0,0.002079991,0.030622289,1.86E-17,9.54E-18,8.67E-19,0.003508084,4.34E-19,3.34E-17,0,0,0,0,2.86E-17,0,0.014945186,0,0,0,0.018591982,0.001831579,0,4.34E-19,0,1.17E-17,0,1.30E-18,0,0,0,0.006532277,0,9.97E-18,0,2.60E-18,0.002347219,0,3.90E-18,0,0,7.37E-18,0.002711563,8.67E-19,0,5.20E-18,1.65E-17,3.08E-17,0,0,0,0,0,0,0,2.17E-18,0,0.012208897,0,1.13E-17,1.30E-18,0,3.04E-18,0,0,0,0,4.77E-18,0.006084125,0.001445622,0,0.005094119
2020/2/28,0,0,3.38E-17,0.026500961,0,0.000601469,0.001520883,1.13E-17,0.003878148,0.004982384,0.040107008,0.0029976,0,0,0,0,2.69E-17,2.69E-17,0.001306557,0.027919318,0.008521896,0,3.47E-18,0.009732861,0.010115936,0,0.000136875,0.003051647,0,1.39E-17,0.000124402,0,6.07E-17,0,0,0.006216206,1.30E-17,0.00440192,0,0.000541838,5.29E-17,0.011616016,1.69E-17,0.003047214,0,0.02083005,0,0,0,0.005654755,0,6.07E-18,0,0.018816817,2.52E-17,7.81E-18,0,0,1.73E-17,1.08E-17,0,0,1.39E-17,1.86E-17,2.91E-17,5.30E-05,0.015438465,0.005160285,0,8.24E-18,2.08E-17,6.94E-18,0,1.13E-17,2.17E-17,0,0.022143795,3.90E-17,0,0.011046139,0.002493212,0,1.17E-17,0.021702983,0,0,0,0.006661885,0,0,9.54E-18,1.99E-17,0,0,0.005170666,0,0.007714101,0,0,1.30E-17,0,9.97E-18,0.00519325,0.011464632,0,1.13E-17,0,0,0,3.90E-18,0.000161903,1.04E-17,0,0,0.00131857,4.29E-17,0.003241189,0,1.82E-17,0,8.67E-18,0,0,0.007405164,1.34E-17,3.47E-18,4.08E-17,0.019225472,2.86E-17,0,0,5.72E-17,0,0.000647006,4.77E-18,0.002957402,0.003575357,0.002705631,0,8.67E-19,3.60E-17,0,5.20E-18,0,0.000518474,0,0,3.47E-18,1.78E-17,1.82E-17,1.47E-17,4.34E-18,3.43E-17,0.003046466,0.005468724,0,0,0,2.60E-18,0,4.60E-17,3.04E-17,0,0,0,1.65E-17,9.54E-18,0.003421715,0.005902753,0.013627999,0,0.011647339,0.002694449,0,0,0,7.81E-18,0,1.08E-17,0,0.012494553,3.47E-18,0.002262955,2.21E-17,4.68E-17,0,1.08E-17,0,2.26E-17,0,0,1.69E-17,1.30E-17,0.002709004,5.64E-18,0.011177646,0.00300113,0.00239639,1.65E-17,0,0,0.018257067,0,1.73E-18,0,0,0,0,7.37E-18,0.005903367,0.001080882,0,0,0.001390676,0,5.12E-17,0,1.52E-17,0.012640759,8.67E-18,1.52E-17,0,0,0,0,1.30E-18,2.60E-18,0,0,0.003656259,0,4.34E-18,0,0,1.39E-17,0,1.47E-17,1.04E-17,1.13E-17,0.002698446,0,1.56E-17,2.08E-17,0,0,9.11E-18,9.97E-18,0,0.006929561,0,1.65E-17,9.11E-18,4.77E-18,2.60E-18,0,0,2.43E-17,0,0,2.60E-17,0,8.67E-18,6.51E-18,3.47E-18,0,0.005640974,8.67E-19,0.010136839,1.17E-17,0,0,0,0,0,0.000150294,0,0.009231332,0.005360579,0,0.012308612,0,0,0,0.008965264,0.006032703,4.77E-18,9.97E-18,0,0.012059706,0.007298521,1.26E-17,0,0,6.94E-18,0,0,0,1.17E-17,0,0,5.20E-18,0,0.006746033,0.014257164,0.002601753,1.65E-17,4.94E-17,0.002362491,9.11E-18,8.67E-19,2.04E-17,8.67E-19,1.08E-17,0,0.010725935,5.20E-18,0,1.78E-17,8.24E-18,0,8.67E-18,0,0.004828211,0.001627049,1.30E-18,0.006177022,3.47E-18,4.77E-18,0,1.99E-17,1.17E-17,1.99E-17,4.94E-17,0.00799717,4.21E-17,0.000346839,1.56E-17,0.003926317,0,0.002195445,1.13E-17,0.007252445,0,1.65E-17,0.01951745,1.82E-17,0.002086262,0.005702299,2.08E-17,4.77E-18,0,8.67E-18,6.07E-18,0,0,0,0,0,0.006288751,0.02680535,0,3.47E-18,3.90E-18,6.94E-18,0,0,0,1.13E-17,1.39E-17,7.37E-18,0,0.002875547,0.001346486,0,0.002846589,0,1.26E-17,0.004714676,5.20E-18,1.43E-17,0.00673882,8.67E-19,0,0.003555954,0,0.026871851,0.01544353,1.65E-17,0.001266197,0,0.005579724,0.00273647,1.73E-18,1.30E-17,2.60E-18,0,1.30E-18,0.012446137,1.30E-18,8.67E-19,0.008418304,0.000594901,0,0.010992815,0,0.000305734,3.47E-18,2.60E-18,0,3.47E-18,0.00456682,0.012714999,0,1.91E-17,0.017556178,0,0.00363143,0,1.73E-18,0,0.012918614,0,1.65E-17,1.21E-17,6.51E-18,8.67E-19,0.003287993,0,0.005389412,0,0,0.015889961,0,0.004809658,4.77E-18,0.007977398,0.035583177,0,3.82E-17,2.17E-18,0.00143586,0,1.47E-17,3.90E-18,1.73E-18,0.001284815,3.47E-18,0,0,0.01502566,2.60E-18,0,1.21E-17,0.022638761,0,4.77E-18,1.39E-17,8.67E-19,1.47E-17,0,0,2.91E-17,4.34E-18,4.34E-19,2.54E-05,1.08E-17,0,2.95E-17,0,0,4.34E-18,0,0,0,1.04E-17,0.001262054,0,0,0,4.34E-19,2.34E-17,5.20E-18,0,1.73E-18,9.11E-18,0,0,0,3.47E-18,0,0.008447236,0,8.24E-18,1.34E-17,9.54E-18,0,0,0,3.47E-18,0,1.47E-17,0.006036487,0,8.24E-18,0.003126029
2020/3/31,0,1.20E-18,3.30E-18,8.59E-19,1.34E-18,0,0.02071343,4.60E-19,1.29E-19,0,0.026607534,1.25E-18,0,0,0,0.024886947,1.59E-19,2.01E-19,0.005717082,8.05E-22,2.50E-19,0.008524671,1.85E-19,0.01466324,0.013719843,0,0.006937913,0,0.01048617,3.89E-19,0.006122571,0,0,0.026219044,0.003521004,0,4.72E-19,0,0,4.53E-19,0,7.92E-19,0,0,0,0.014082992,8.08E-19,0,3.58E-20,0,0,0,0.02338613,0,1.69E-19,7.38E-20,0,1.16E-19,2.30E-19,1.30E-19,3.20E-19,0,0.003234437,2.59E-19,3.23E-19,0,0.009967391,3.51E-19,0,0,0,0,7.30E-19,4.06E-20,4.44E-20,0,1.10E-18,0,1.02E-18,1.62E-19,6.97E-19,0,0,4.06E-20,1.85E-19,0,0,0,0,0,7.22E-19,6.02E-20,4.20E-19,0,2.90E-19,6.49E-19,0.0166846,0,0,0,1.22E-19,0,0,0,0,0.000183435,0,1.36E-19,0.009574521,0,2.85E-20,2.16E-19,0,0,0.042052171,0.002156483,2.33E-19,0.014400805,0,2.68E-19,8.22E-20,3.49E-19,1.40E-21,0.058869705,3.34E-20,0.01399777,1.84E-19,2.76E-19,0,0,0,0.015543914,0.022140517,1.78E-19,6.62E-20,0.021166757,0,4.36E-19,0,0,1.65E-19,1.37E-19,0,0,1.02E-21,0,0.030350755,0,1.10E-19,8.56E-20,2.72E-20,0,8.32E-20,4.20E-19,0,0,0,5.04E-20,2.31E-20,0.006971854,4.00E-19,4.66E-19,3.72E-19,1.69E-19,7.51E-21,4.22E-21,9.61E-06,0.025052075,0,0.041128694,9.44E-19,0,6.99E-20,5.47E-19,2.04E-20,0.020379643,0,6.68E-19,0,0,2.90E-20,0.004471624,0.014303616,0,0,2.65E-19,0.010363577,0,4.36E-19,1.72E-19,1.08E-19,1.55E-19,1.61E-20,8.20E-20,6.78E-19,4.73E-20,1.28E-19,5.00E-19,1.32E-19,1.30E-19,0,5.29E-19,0,4.60E-19,0,0,0,4.72E-19,0,1.22E-19,3.42E-19,0,1.69E-19,0,0.011105587,0,0,0.002393967,0,0,0,3.40E-19,4.23E-19,0.017465596,0,0,7.25E-20,1.50E-19,0,8.03E-20,0,0,1.52E-21,0.039535502,0,0,0,0.003064231,0,0,0,1.26E-20,0,4.41E-19,1.78E-19,4.26E-20,1.53E-20,0,0,5.71E-20,0,0,0,0,0,5.79E-19,2.93E-19,1.89E-19,1.99E-19,1.77E-20,0.009494035,2.42E-19,0.013954593,3.25E-19,0,2.71E-19,0,4.56E-19,0.02041048,0,3.64E-20,0,0,0,9.75E-19,0,0.010601496,8.72E-06,0,7.89E-19,0,0,0,8.60E-19,3.28E-19,0,0,2.33E-19,7.47E-20,2.08E-20,0,1.91E-19,0,1.24E-19,2.03E-20,0,2.11E-19,2.06E-19,0,0,0,6.36E-19,3.01E-19,0.055170952,0,0.000241698,3.43E-19,0,1.74E-19,0,2.06E-19,1.44E-19,3.18E-19,3.41E-19,0.00312419,2.66E-19,0,0,0,0.001648859,7.26E-19,3.46E-19,3.23E-19,0,0,2.10E-19,3.56E-19,2.11E-20,3.61E-19,1.51E-19,0,1.80E-19,8.92E-20,0.011317778,3.10E-19,4.08E-19,0.007865358,2.72E-20,0,0,6.85E-21,3.66E-20,0,0,0,1.07E-19,0,1.23E-19,1.93E-19,4.59E-20,0,3.41E-19,0,0,0,0,0.004357962,0,2.50E-19,7.59E-19,0,0,0,1.70E-19,1.87E-19,0,0,1.12E-19,1.46E-19,0,2.31E-19,0,0,1.69E-19,0,0,0.002424229,0.014524952,0,8.88E-21,1.18E-19,1.17E-19,0,0,0,3.48E-19,1.41E-19,2.01E-20,0,1.81E-19,5.68E-20,0,7.35E-20,5.38E-20,3.23E-19,0,0,0,0,0,4.98E-19,8.41E-20,0,3.34E-19,1.16E-21,0,0.026923608,0,0,8.35E-20,3.11E-19,2.10E-19,5.89E-20,0,0,0,0.00664787,9.22E-20,1.85E-19,0,2.39E-19,9.35E-20,0,2.56E-19,0,2.95E-19,1.06E-21,0.001999423,0,0.05137915,4.87E-19,0,0,8.51E-20,0,0,0,2.19E-19,0,0,0,0.004249596,0,7.90E-20,0,3.48E-19,6.85E-20,0,0,0,0,0,0.011668942,0.013188988,0,0,4.97E-20,6.99E-20,0,0,4.72E-20,0,0.002668826,0,0.015152008,0,0,2.62E-19,0,0,1.45E-05,0,0,0,0,1.88E-19,0,0,0,8.09E-20,6.37E-20,9.35E-20,7.48E-20,0,0,0.013308878,6.42E-20,0,0.022166104,7.40E-19,1.36E-19,0,0,0,1.07E-20,0,0,0.013329367,6.22E-20,1.07E-19,1.14E-19,0,0,2.66E-19,0
2020/4/30,7.75E-19,8.98E-19,0.001535468,0.007635471,0,0.002659655,0.00600597,0,0.006749282,0.003415517,0.003519707,1.89E-19,2.84E-19,0.0003524,0,0.008199101,1.04E-18,0,0.006902039,4.78E-19,3.26E-19,0.006267633,1.69E-18,0.008970219,0.008762522,0.005471641,0.011554596,0.005425915,0.007631204,0,0.004652268,6.77E-19,0,0.01518352,0.005309658,1.00E-18,1.44E-18,1.48E-19,0,4.47E-19,3.81E-19,0,0.007089411,0,0.018905726,0.008752864,2.17E-19,0,1.06E-19,5.89E-20,4.33E-19,8.22E-21,0.00677539,1.54E-18,2.25E-19,0.002023903,0.002301936,0,2.82E-19,0.003925295,1.02E-19,0,0.009582766,0.0010582,0,6.26E-19,0.014857487,0.003053261,4.49E-19,0,0,0,0,3.11E-19,1.05E-19,9.11E-20,2.81E-20,0.002835744,0,0,0.000892168,1.25E-20,0.000326349,0.000793231,0.001685132,1.18E-19,0,9.81E-21,0,0,4.26E-19,0,0.002542263,0,0,0,0.001928315,4.09E-19,0,1.76E-20,1.66E-20,5.12E-19,0,4.28E-19,0,0.021480168,2.75E-19,0.002178211,0.001540958,0,1.67E-19,2.59E-19,6.30E-19,0,0.008167188,0.005277327,2.28E-20,0.006636991,0.001495305,5.09E-19,6.78E-20,0,0,0.013396345,4.20E-19,0.004915316,1.97E-19,0,0,0,0.004724621,0.016857104,0.014343446,0.00141423,3.85E-20,0.001354894,0.007341244,0.005285193,0.000606777,0,0,1.19E-20,1.06E-19,0,0.020906481,0,0.014450374,3.40E-19,5.82E-19,9.92E-20,0,0.005691001,0,0.004091259,0.006154541,0,0,0.001856736,0.005367552,0.002010509,0,5.41E-19,0,2.09E-19,3.69E-20,0.006255068,2.57E-19,0.010970616,0,0.017273245,1.01E-19,0.012564798,0.002286841,0,0.002493516,0.013867359,0.003101268,0.003311836,0.001100779,0.006137461,2.88E-19,0.009201229,0.006888706,0.003279051,0,1.47E-19,0.003579326,0,0,5.24E-19,0.001090755,6.18E-19,2.05E-19,0.00328215,0,5.31E-19,3.86E-19,0.000569908,0,0.001460088,3.51E-19,0.003917422,0,0,0,0,4.30E-19,0,0,2.50E-19,2.54E-19,1.72E-20,0,3.33E-19,0.009539184,0,4.34E-19,0.003691739,0,2.40E-19,0,0,3.76E-20,0,3.20E-19,3.84E-06,0,5.93E-19,0,0,0.006211612,0.003816795,3.52E-20,0.013540831,1.76E-19,0,1.59E-19,0.007549262,0,2.77E-19,0,2.58E-20,8.30E-20,0.000535822,0,0,1.39E-05,0,0.002329171,6.67E-20,2.39E-20,1.17E-19,0,0.006402174,0.002182326,0,0,0,0.003077954,7.23E-20,0.00866298,0.000773997,0.004075486,0.002138247,0,0,0,5.80E-19,0.006121575,5.98E-19,1.64E-19,0.004099511,0,4.53E-19,0.000440864,0,0.008424787,6.00E-20,0,2.86E-19,0,4.76E-19,2.45E-19,0,0.004380544,2.79E-19,2.57E-19,0,6.96E-19,0,2.10E-20,0.0047539,0,2.13E-19,0,0,0,0.001861728,0,2.93E-19,3.95E-19,1.92E-19,0.001523097,0.020519058,0.002627373,0.007012411,0,0.002633611,6.90E-20,0,0,0,0,4.44E-19,0.007565893,0.001501279,0,0,0,0.001986649,0.002148118,0,0.000496949,0,5.24E-19,0.002558852,1.13E-19,0,3.96E-20,0,0.007679499,0,0,0.005253699,0,0,0.005929065,4.30E-19,0,3.12E-19,0.007521377,2.79E-19,0.001264134,0,0.011661023,0.003360402,0,0.004291266,2.57E-19,0.000693226,2.65E-19,3.64E-19,0,0,0,3.23E-20,0.006039132,2.82E-19,2.23E-19,0.004539168,0,0.009834018,0.001881285,8.11E-20,0.00273946,0.002442998,2.06E-20,0,9.43E-20,0.004352125,5.55E-20,4.49E-19,0.001882158,0,2.20E-19,5.93E-19,0.000644166,0.002438422,0.00140174,7.55E-19,6.02E-19,0.002964123,0.001915619,0.002830476,4.47E-19,0,0,2.40E-19,0.006734556,1.37E-19,0,1.38E-19,0.002275481,2.40E-19,0.014306545,4.46E-19,3.94E-19,0.002860294,7.40E-19,2.06E-19,0.005885375,4.24E-19,3.67E-19,0,0.00232427,0.003432461,0.01622674,0,2.84E-19,0.002770875,0,0.00764794,0.001172369,0,1.87E-19,3.66E-19,0.001786852,3.65E-19,0,0.00643537,2.93E-19,0.003532439,0.002211133,0,0,0.007463621,3.62E-19,0.007008745,0,0.008771087,0,0.008460521,0,1.34E-19,2.16E-19,7.12E-20,0.025567218,2.06E-19,0,0,0,0.000996859,0,0,4.91E-19,0.003082187,0.001227941,2.71E-20,2.76E-19,3.29E-19,0,1.30E-19,0.009715788,0.007959973,0.000989026,4.05E-19,0.003469378,0.007037098,0,0,7.41E-19,1.05E-19,0.001546114,7.55E-19,0.011522724,0,0,2.98E-19,0.000702449,0.006270061,0.001062442,0,0,5.25E-19,3.91E-19,0.000431182,0,6.84E-19,2.46E-19,0.001381096,5.60E-20,0,0,0,0.004231228,0.010052686,0,0,0.011860447,0,1.77E-19,0,3.59E-19,0,1.19E-18,0,1.19E-19,0.00756753,0,4.09E-19,0.003698077,1.90E-19,0.006256077,4.07E-19,0.007597254
2020/5/29,1.60E-18,5.96E-19,0.003580955,0.004640549,3.75E-19,0.002357641,0.004102694,6.35E-19,0.004692032,0.0016416,0.000488509,1.16E-18,4.58E-19,0.001411335,0.002840039,0.007482441,0,8.35E-19,0.007211061,6.19E-19,0,0.004520396,0.002384429,0.005963924,0.005884066,0.004332765,0.007189035,0.003024576,0.005770188,8.19E-20,0.003996286,5.34E-19,0,0.010332478,0.005751805,1.46E-19,0.001154986,7.71E-19,0.001627893,1.30E-18,2.09E-18,0.000412167,0.005044457,1.14E-18,0.014380039,0.00512544,0,3.06E-19,0.003286847,2.41E-19,1.07E-18,0,0.005212401,2.95E-18,1.52E-18,0.003114421,0.001845999,6.18E-19,0.001278313,0.002430153,0,0,0.007631112,0.001362261,5.30E-19,0.001302183,0.008289227,0.005801229,1.49E-18,2.07E-18,5.05E-19,0,0,0,1.29E-18,9.94E-19,2.05E-18,3.08E-05,0.002547825,0.0008734,0.004303627,0.003607974,0.005085738,0.000451203,5.64E-19,0,0,3.00E-19,0,0,0.000961167,6.08E-19,0.002780715,0,9.36E-19,8.34E-20,0.004745329,1.72E-19,0,0.002364155,0,7.75E-05,0.001688297,1.45E-18,2.45E-18,0.01560524,9.59E-19,0.002402066,0.000115252,0,1.24E-18,6.78E-19,0,0,0.009705846,0.005904964,1.09E-18,0.006064607,0.000769577,1.39E-18,0.003382745,0.00067712,0,0.00758607,2.06E-18,0.004586428,1.63E-18,0.001245846,0,0,0.003872261,0.012608695,0.009096869,0.003509521,1.45E-18,0.001758934,0.006875678,0.005320966,0.0008665,0,0,0,8.79E-19,2.51E-18,0.019278543,0,0.010834994,0,0,0,0,0.006969393,0.001487883,0.002948371,0.007606769,7.24E-19,0,0.002384747,0.004382402,0.004492618,0,0,0,9.77E-19,0.002038192,0.005816746,0.000904847,0.00398768,0.001927601,0.012241016,5.35E-19,0.011927916,0.001607818,0,0.002946151,0.010980454,0.002967114,0.003097151,0.00334074,0.01023805,1.38E-19,0.006856195,0.005916412,0.00255441,1.27E-18,2.10E-18,0.002745849,9.49E-19,0.002165339,0.001681226,0.001916461,1.41E-18,0.000926838,0.003862427,0,1.26E-18,0.001120043,0.001742413,7.95E-19,0.004052,0,0.005164506,0,0,0,0,2.27E-20,7.57E-19,0,0.003129839,7.87E-19,6.78E-19,0,4.30E-20,0.008415302,0,1.44E-18,0.004861939,0.001454415,8.27E-19,3.39E-19,7.47E-19,0,0,0,0.001864331,1.10E-19,4.79E-19,0,4.16E-19,0.003526531,0.003752321,1.23E-18,0.009879462,1.80E-18,0,0,0.005712007,0,0,0.001348955,0.000423375,1.42E-18,0.001372537,1.87E-18,1.45E-18,0.00519038,0,0.001773579,0.000493341,1.33E-18,5.41E-19,0,0.006359216,0.002156459,0,4.93E-19,0.000584843,0.003612196,0.003504244,0.007469068,0.004419334,0.004329752,0.002668783,1.52E-18,0,1.38E-18,0.001057108,0.003606929,0,0.001097716,0.004553351,1.45E-19,1.28E-18,0.001896986,0,0.006639,0.001592799,0.002502856,1.03E-18,0,0.001049575,0,0.003228785,0.00419363,0,0.001698814,0,6.77E-19,6.47E-05,0,0.003886153,1.42E-19,0,0,3.03E-18,0,0.006342615,0,2.11E-18,5.33E-19,1.27E-18,0.002396241,0.016246971,0.001496238,0.005884996,0.001980055,0.002459199,0.003310861,3.83E-19,3.91E-19,0,6.41E-19,1.73E-18,0.005255119,0.00309007,0,0,0,0.000200413,0.002169478,2.47E-19,0.001641463,0,4.60E-19,0.005365996,0.001996019,0,0.000296323,0,0.007676557,0,0,0.004838923,0,0.000241423,0.005308661,0.001489038,1.73E-19,5.57E-05,0.005285569,1.98E-19,0.003583756,7.18E-20,0.007099494,0.003648132,2.38E-19,0.004846541,6.43E-19,0.004016308,0,1.26E-18,0.001457118,0,0,4.57E-19,0.005351381,1.22E-18,1.91E-18,0.006317667,0,0.009535806,0.001221633,1.04E-19,0.002548079,0.003094487,0.000528688,7.27E-19,1.46E-18,0.00344657,1.63E-19,0,0.000878503,0,1.33E-18,0,0.002418045,0.005752773,0.003930198,0,9.37E-19,0.003299972,0.003167953,0.002910821,4.96E-19,1.65E-18,9.06E-19,1.49E-18,0.0055192,0.000449045,0,3.49E-19,0.002743258,1.53E-18,0.015529609,0,0.000995893,0.003189204,4.87E-05,0.000241604,0.004797789,0.000309954,0.001848864,0,0.004511609,0.003749557,0.011818417,0,0.000211044,0.002946616,0.00039096,0.009292132,0.000544522,1.56E-19,3.10E-19,2.89E-19,0.001946204,0,3.17E-19,0.00544524,1.06E-18,0.003100754,0.000963759,1.63E-19,2.32E-19,0.006601368,1.67E-18,0.006927998,1.43E-18,0.007767746,1.03E-19,0.007107233,0,1.46E-18,1.43E-18,0,0.011562431,0.000209927,0,1.20E-18,9.34E-19,0.003428657,0,2.93E-19,0,0.003626621,0.003151466,0.004708684,1.20E-18,4.51E-19,7.29E-19,0,0.004411523,0.007997882,1.36E-18,0,0.003010688,0.007227813,4.38E-20,0,0.002134283,0,0.005138062,0,0.007142566,0.000225195,1.72E-19,2.33E-18,0.003822996,0.00530364,0.002842576,0.002770212,4.55E-19,0,3.82E-19,0.002032749,6.14E-19,0.000913304,1.93E-18,0.001567385,1.00E-18,7.34E-19,0.003534505,0.000644901,0.003346467,0.007661565,0,2.44E-18,0.007812883,7.01E-19,0,0,1.03E-18,0,0.001104921,1.50E-18,2.02E-18,0.006596901,2.32E-18,1.67E-18,0.004285049,0,0.003915516,0,0.003935661
2020/6/30,0,3.69E-17,0.00127897,0,0.003841986,0.003062052,0.003976908,0.000361877,0.005901766,2.17E-18,0.018276987,0,1.17E-17,2.73E-17,0.000518491,0,0.002102174,2.60E-18,6.07E-18,0.003286958,0.001263772,0,3.04E-18,0.003882352,0.003748281,1.52E-17,0.007584674,0,0,0.002818988,0,9.97E-18,0.000106292,0,0,0.001159438,0,4.34E-19,0.007506399,0,0.003217294,0,0.003904659,0,0.024629775,0.008170894,0.012729041,0.00660063,2.56E-17,0.002011573,2.17E-18,0,8.67E-18,0.004743129,6.51E-18,2.60E-18,0,0.000596366,3.04E-18,0,0.00583273,3.90E-18,0,0,6.94E-18,0.006718945,0.002975167,0.000739728,0,0.003128576,0.000834863,0,0.004526834,0.003328055,0,1.30E-18,0.004498839,0.000566142,0.004887186,0.00341521,0,2.17E-18,0,0.014716177,2.60E-18,0.003128956,9.97E-18,0.002787441,0.004553948,0,0.00674569,0.000395031,0,0.002353604,0.006091858,0,0.007891871,6.07E-18,0,0.000490667,0,1.73E-18,0.000336501,0,0,0.001325912,0,7.81E-18,0.009511484,0,0.007407656,0,0.005018383,0.007562418,5.64E-18,2.17E-18,7.37E-18,0,0,3.80E-05,0,0,0.00100645,0.008216112,4.34E-18,0,0,4.34E-19,9.54E-18,0,0,0,1.47E-17,1.30E-18,0,0.006110793,0.00209949,2.60E-18,0,0.003427823,0,0.004836797,2.60E-18,0.00200269,0.010071495,0.007928109,0,0.007555295,0,0,3.90E-18,8.67E-19,4.34E-19,1.73E-17,6.94E-18,0,0,2.17E-18,0,0,1.73E-18,0.007821469,0.000556481,0.000838372,0.00313679,0,0.000801055,0.003309804,0,0.001370572,4.34E-19,0.039023698,0,0.003011715,0.000117144,0,1.08E-17,0,8.24E-18,3.90E-18,4.34E-18,0,6.51E-18,5.64E-18,0,0,6.94E-18,2.60E-18,3.04E-18,0.002191183,0.002842131,8.67E-18,0.000620684,0.000555383,0.009003611,0.005181202,1.69E-17,0.00358894,0,2.17E-18,0,0.002300588,0,0.000944722,0,0,0,0.002922713,0.001723222,6.94E-18,2.21E-17,0.0102116,0.001395633,0,0,1.73E-18,0,0,0.001228819,0.001198743,0.005314465,0.010929513,0,0.005964751,0.003123615,0,0,0.008460511,0,0,0.004737355,0,0,4.34E-18,0,0,0.000937956,0.015977778,0.001231762,0.001622788,0,0.001287161,0.006106436,0.002450242,0.00329891,3.90E-18,0,0,0,4.34E-19,0,1.30E-18,0,8.67E-19,1.30E-18,8.67E-19,0,0.000758049,0,0.001689826,1.30E-18,3.90E-18,1.56E-17,0,0,0.006269255,1.34E-17,0,0.002891755,0.004346317,4.77E-18,0,7.37E-18,0,0.010911097,0,0,8.25E-05,0,0.014162608,0,0,0.000910645,0.00443691,1.86E-17,0.002833608,0,2.60E-18,0,0.000976733,0,2.60E-18,2.60E-18,0,0,0.011565061,0.001268574,0.012047622,0.002417287,0,0,0.00192604,0.001811874,0.016312293,0.000700075,0,3.04E-18,0,4.34E-19,0.002896336,1.73E-18,0.011752493,0.010984903,0.011564836,0.005865834,0,0,1.86E-17,0,0,0.010851247,0,0.007646551,0.009699037,4.34E-19,0.001322097,0.001777043,4.34E-19,0,0.001086795,0.006372378,0,0,6.51E-18,0,0,1.34E-17,0,0.002878014,0,2.60E-18,0.002968539,0,0,0.008097855,4.34E-19,0.009409606,0.002372386,0.003624443,0.003510142,4.34E-18,1.73E-18,0,0,0,1.30E-18,0,0.002303717,0,0.009257754,0,0.002217189,0,1.73E-18,1.73E-18,7.81E-18,9.97E-18,3.90E-18,0.004238556,0,0.004609102,0.005447257,0.000666629,1.30E-18,0,0.000856816,0,2.17E-18,4.34E-18,0.000301679,0,0,3.90E-18,4.34E-19,3.90E-18,0.014094563,0.016203637,4.34E-18,0.001556948,3.90E-18,0,0,0,9.54E-18,2.60E-18,0.004026265,0,0.009393819,0.004023986,0.001984798,0,2.17E-18,0,0.006501961,0.005150341,0,0,0.000582532,0,3.90E-18,0,0.001783008,0.003927279,0,0.013666203,0,7.81E-18,9.54E-18,0.004005884,0.006704964,0.00388885,0,0,0.008120814,8.24E-18,0.002367642,4.34E-19,0,0.002885551,0.002897057,0,0.004245033,0.002666357,0,0.004040697,0.017182309,0.015870887,0.004610006,0,2.17E-18,0,6.80E-05,0,1.30E-18,0.005534911,0.001723606,4.77E-18,0,0,0.002750698,1.30E-18,0.002854474,2.60E-18,0.004522135,1.30E-18,0.00447433,4.34E-18,0,0,0,0.002324768,0.003495224,0.003653239,0.009311883,0.008715402,0,0.00108188,1.86E-17,2.60E-18,3.90E-18,2.17E-18,0,0.001473173,0.000817806,0,0.000634696,1.73E-18,0,0,0.004075908,0.00236724,1.30E-18,3.04E-18,8.67E-19,0,3.90E-18,0,0,0.010957368,0.006765308,0.004508502,0.003002495,0.00083896,3.90E-18,8.24E-18,0,0.009657501,0,0,0,0,0.004045409,0.002336772,0.001330858,0.001714543
2020/7/31,3.04E-18,2.71E-16,1.28E-16,1.47E-17,0,1.26E-16,0.037187341,0.005457915,0,0,0.194943996,0,3.64E-17,0,0,0.000663973,1.95E-16,1.31E-16,0,5.81E-17,0,0,0,9.06E-17,0,3.90E-17,0,0,0,0,0,7.81E-18,4.42E-17,1.08E-16,0,0,6.51E-18,3.38E-17,0,0,2.30E-17,6.98E-17,1.14E-16,2.21E-17,0,0.05335127,0,1.80E-16,5.94E-17,1.26E-16,0.002692449,0,0,0,0,3.12E-17,0,6.90E-17,0,0,1.20E-16,0.012483486,1.99E-16,0,0,0,0.00782365,1.23E-16,3.43E-17,1.31E-16,0,8.72E-17,1.07E-16,0,1.52E-16,0,8.46E-17,0,0,0.001369551,0,3.95E-17,1.65E-17,0,1.34E-17,0,0,0,0,0,9.93E-17,0,0,0,6.11E-17,0,0.016503828,6.55E-17,0,0,0,0,0.006840828,0,0,1.17E-17,6.59E-17,0,0,0,0,0,2.91E-17,1.06E-16,2.99E-17,0,0,0,0,2.38E-16,0,0,1.31E-16,0.08250634,6.98E-17,5.77E-17,0,8.24E-18,3.77E-17,0,1.34E-17,2.65E-17,6.90E-17,8.33E-17,0,0.003033197,0,6.29E-17,8.20E-17,9.11E-18,0,2.11E-16,0,3.99E-17,0.014416807,0,0,8.67E-18,0,0,0,5.16E-17,0,4.94E-17,2.65E-17,0,0,0,7.81E-17,2.47E-17,0,0,1.73E-18,0,1.49E-16,0,0.008592369,4.21E-17,0,0.01547807,1.07E-16,0.045728514,6.25E-17,8.98E-17,1.52E-16,5.51E-17,0,1.30E-18,6.07E-18,0,1.78E-17,0,3.69E-17,6.51E-18,0,2.39E-17,4.21E-17,0,1.69E-17,6.94E-17,2.39E-17,0,0,0,5.85E-17,0.001975926,8.98E-17,1.52E-17,0,5.64E-17,0,0.024383555,0,2.04E-17,0,0,0,0,0,0,0,0.01670371,0,0,1.82E-17,0,7.16E-17,0,0,2.56E-17,0,0,0,0.003500816,0.004749379,0,0,0,0,4.90E-17,0,0,9.15E-17,0.002073781,0,0,9.54E-18,0,0,0,8.02E-17,2.91E-17,0.020961724,9.89E-17,0,1.99E-17,2.83E-16,0,0,0,0,1.00E-16,0,4.77E-18,3.90E-18,1.44E-16,0,5.12E-17,1.08E-16,0,0,0,5.64E-17,0,8.67E-19,0.002810616,0,0.008212708,3.86E-17,0,6.98E-17,0,0,0,0,0,4.77E-18,0,0,0.017549035,0,0,9.54E-18,1.08E-17,2.39E-17,3.47E-17,1.08E-17,8.80E-17,6.07E-18,0,2.39E-17,3.86E-17,2.73E-17,7.33E-17,3.99E-17,1.99E-16,0,0,0,4.47E-17,3.12E-17,0,0,0.009039813,1.47E-17,4.47E-17,0,2.04E-17,0,1.69E-17,2.86E-17,1.17E-16,3.25E-17,2.73E-17,4.99E-17,1.40E-16,0,7.68E-17,0,0,0.017058031,0,1.73E-17,2.60E-17,6.81E-17,0,8.24E-18,3.95E-17,0,0,0,6.90E-17,0,6.81E-17,1.17E-17,1.30E-18,1.99E-17,0,0,6.72E-17,8.76E-17,0,0,0,0.031638129,3.90E-18,0,0,2.47E-17,0,9.19E-17,4.12E-17,0,0,0,0,0,0,0,0,1.30E-18,0.00551243,0,1.82E-17,0,0,0,1.86E-17,0,0,0,5.12E-17,5.64E-18,3.30E-17,0,0,5.38E-17,0.007571853,0,1.08E-16,0,0,0,0,9.54E-17,0.036029497,0.010048746,1.47E-17,3.34E-17,0,1.99E-17,0,0,0,8.67E-18,0,2.26E-17,1.08E-17,1.30E-17,0,0,3.82E-17,4.90E-17,0,4.73E-17,0,0,8.93E-17,7.59E-17,1.20E-16,0,0,1.56E-17,1.41E-16,0.038897762,2.26E-17,2.60E-17,5.33E-17,1.34E-17,2.34E-17,8.67E-19,0,5.03E-17,0.018193405,0,0,0,0,0,0.030797311,0,0.010126547,1.30E-17,1.47E-17,2.78E-17,0,0.029444911,0,1.75E-16,4.55E-17,0,1.04E-17,0,0,0,0,8.67E-18,1.47E-17,0.000698028,3.08E-17,1.34E-16,0,0,0.031812539,0,0,0,3.64E-17,4.34E-19,0,4.64E-17,1.15E-16,0.039088793,0,2.73E-17,0,7.33E-17,2.65E-17,0,0,0,9.11E-18,0.011111634,8.67E-19,1.47E-17,1.21E-17,7.37E-18,0,0,0.016683281,0,0,1.43E-17,0,1.52E-17,3.47E-18,5.81E-17,1.43E-17,0.02772282,0,0.015014819,0,0,0,0,0,0,7.37E-18,0,0,1.08E-17,0,0.001514815,2.78E-17,2.65E-17
2020/8/31,1.73E-17,0,2.40E-16,0,0,0,0.003119252,0,0.002665139,0.01398969,0.013424632,0.00806038,9.80E-17,0.001582492,3.04E-17,0,1.06E-16,0,8.63E-17,0,1.26E-17,8.54E-17,2.75E-16,3.17E-17,0,0,5.85E-17,1.11E-16,1.04E-17,0,1.11E-16,1.17E-17,0,0.007813932,5.29E-17,0,3.60E-17,0,2.26E-17,0,4.34E-17,0,1.26E-17,4.38E-17,2.17E-18,0.01145707,4.51E-17,1.56E-17,2.74E-16,0,0,0.001679586,0,0,0,0,3.47E-17,2.30E-17,1.86E-17,0,0,8.24E-18,0,1.56E-17,1.43E-17,0,0,0,0,0,2.65E-17,0,0.007446571,0.00525983,4.34E-19,0,0.020286162,0,0,0,0,0.001589058,4.55E-17,1.78E-17,0.005517064,5.33E-17,5.16E-17,0,0,0,3.47E-18,0.002725274,1.06E-16,1.60E-17,0,1.17E-17,0,0.010431827,0,1.86E-17,0,0,8.54E-17,0,2.17E-18,0,1.39E-17,0,0,0.001880802,0,0,0,3.60E-17,0,0,0,0,0,7.03E-17,1.82E-17,2.34E-17,6.51E-18,7.37E-18,4.34E-18,0,2.91E-17,2.78E-17,0,0,0,0,1.43E-17,0,2.43E-17,7.59E-17,0,4.34E-19,1.26E-17,0,0.020226554,0.00176221,0,0,0.007878392,0,0,6.51E-18,7.94E-17,2.91E-17,0.000724266,0.008418191,0.006158007,0,0.01520837,1.13E-17,0,0,5.98E-17,3.08E-17,4.99E-17,0,0,0.002858014,0,0,0,0.002459296,0.01025426,4.34E-19,3.86E-17,0.113304056,0,0,0.003413314,0.017709588,0,9.54E-18,0.02306902,0,0,0,0,0,0.009592793,4.60E-17,1.56E-17,0,0,0,0,2.82E-17,9.97E-18,0,0,8.11E-17,0,1.47E-17,1.86E-17,3.17E-17,2.69E-17,3.60E-17,0,0,0,0,0,0.06281649,0.032544504,0,6.46E-17,0.013462523,1.08E-17,4.21E-17,0,0,4.60E-17,6.94E-18,9.97E-17,0,6.72E-17,0,0,0,1.17E-17,0,0,0,0,0.00589333,0,0,0,0,9.54E-18,0,0.003789563,0,4.55E-17,0,0,0.014164094,3.47E-18,4.29E-17,0,3.43E-17,1.13E-17,0,0,5.94E-17,0,0,1.43E-17,0,0,0,0,0,0.011415583,2.13E-17,1.73E-17,1.69E-17,0.008276726,0,1.26E-17,4.77E-18,2.65E-17,3.04E-18,1.73E-18,0,6.94E-18,4.77E-18,0,0,0.005682926,3.60E-17,0.002904291,0,0,0.000650303,0,0.005599844,4.42E-17,0,2.60E-18,5.16E-17,0,1.82E-17,7.37E-18,1.26E-17,3.60E-17,5.16E-17,0,1.47E-17,0,3.60E-17,7.98E-17,0,0.006493123,4.21E-17,0,4.34E-19,1.73E-18,0.051409822,0,0,3.25E-17,8.24E-18,7.37E-18,0,0.001266985,0.022950343,0,0,0,9.11E-18,0,3.04E-18,3.90E-18,0.000782847,0,0,0,8.85E-17,0,0,0,2.99E-17,0.002798962,2.56E-17,0.038784667,0.009494874,0.010019314,0,0,0,0,0,0,0,0.004722386,0.010268991,3.04E-18,0,0.03839557,4.34E-19,4.34E-18,0,0,0,0,0,0,0,0,0,0,0,2.17E-17,0,0,8.67E-19,5.07E-17,1.95E-17,9.54E-18,2.21E-17,0,0,5.33E-17,0,0.001303199,0,0,3.47E-18,0,0,5.20E-18,2.60E-18,0,2.47E-17,0,5.64E-18,1.86E-17,6.98E-17,0.010128689,0,0.014437398,0.009165042,0,5.90E-17,1.34E-17,0,0,0,0.01919121,4.21E-17,0,9.97E-18,2.60E-17,0,4.25E-17,2.17E-17,1.73E-17,0.021177724,9.11E-18,0.009705481,0.012158087,1.30E-17,0,0.007563799,3.47E-18,8.67E-18,2.04E-17,0,1.60E-17,0,0,0,0,0,0,3.04E-18,1.95E-17,5.51E-17,3.38E-17,8.67E-19,6.51E-18,0.006876405,0,5.20E-18,0,0.040148929,8.67E-19,0,8.67E-19,0,0.03629008,0,0,0,3.17E-17,5.64E-18,0,0,5.72E-17,0.001677169,5.64E-18,1.26E-17,0,0.005511355,0.009039791,5.64E-18,0,0,0,1.78E-17,8.67E-18,3.34E-17,2.21E-17,0,1.34E-17,2.86E-17,1.99E-17,0.013655354,4.34E-19,1.65E-17,0,0,0,0,0,0,0.010174308,3.51E-17,0,8.24E-18,4.77E-18,1.26E-17,1.73E-17,1.17E-17,0,0,0,0,6.07E-18,0,4.64E-17,0,0,0.013697569,0,0.002058569,0.003098245,0,0,1.52E-17,0,8.24E-18,2.17E-18,0.008964351,8.24E-18,3.04E-18,0,6.51E-18,0.017424091
2020/9/30,0,1.32E-16,1.43E-17,2.91E-17,0,3.43E-17,0,0.006074986,3.90E-18,0.017763295,0.012824065,0.003324072,0,0,0.003400054,5.25E-17,1.52E-17,0.02218066,0.000408826,0,8.67E-19,0.001797299,0.01213285,1.40E-16,1.43E-17,4.34E-18,0,4.60E-17,0.007575536,0,0.008921411,0,1.18E-16,3.17E-17,0.005735002,4.99E-17,0.017668498,0,0,2.91E-17,3.25E-17,0,0,0.009654751,0,0,0,4.25E-17,0.017077258,0.00935427,0,0,0.002229045,5.64E-18,6.64E-17,0,4.03E-17,4.03E-17,0.013450817,1.47E-17,2.65E-17,0.040766927,1.91E-17,0.005269617,5.20E-18,0.01609528,0.018698282,0.005904274,0,3.30E-17,0,0,0,0,6.16E-17,3.90E-18,5.20E-18,4.34E-17,2.39E-17,0.006564098,0,0.00914489,0,0,0,7.59E-17,0.009789003,1.43E-17,0,0,0,3.73E-17,2.82E-17,0,0.013602445,1.34E-17,0.008755417,4.64E-17,0,9.54E-18,2.30E-17,9.97E-18,0.004081415,1.04E-17,0,0.009859688,1.99E-17,6.07E-18,0,0.001920473,6.94E-18,0.003667313,7.20E-17,0,0.006076057,0,0,0.007701662,1.47E-17,8.67E-19,0,2.86E-17,0,0.026387096,0,0.018614767,5.64E-18,0.009440108,0,0,0.006809851,1.30E-18,0,0,0,0.014955346,0.003329176,0.015926026,0,3.12E-17,1.73E-18,1.43E-17,1.95E-17,0,0.004687694,0,0.001836614,0,1.34E-17,0,9.71E-17,0.001928769,0,3.04E-18,0.006392158,0,0,0,0.008115159,0.001461953,0,3.56E-17,2.47E-17,8.67E-19,1.56E-17,0,0.015607921,2.17E-18,3.08E-17,0.014642639,5.64E-18,0.042834556,0.002862854,1.19E-16,4.64E-17,0.003281502,3.95E-17,3.51E-17,0,0.00969941,0,0.003161107,0.009139156,0,1.73E-17,0.00284884,1.30E-18,0,0,0,1.04E-17,0,1.17E-17,5.24E-05,6.07E-18,0.004846733,0,0.007985735,0,2.30E-17,0,9.11E-18,0,0,0,0,1.99E-17,6.16E-17,0,1.21E-17,0,0,0,7.37E-18,1.60E-17,0,0.007725479,3.90E-18,0.002387445,0,0,1.54E-16,0,0,2.34E-17,0,0,0,0,0,0.025743499,0,0,0.026213101,0,0,0,4.34E-19,0,9.11E-18,0,0,2.17E-18,2.60E-18,6.07E-18,2.86E-17,0,0,0.002553993,0,0.005543593,0,1.91E-17,0,0.005248854,0,2.86E-17,0,0,1.73E-18,2.56E-17,0.002512547,0,0,0,3.90E-18,1.30E-17,0.003532354,9.11E-18,5.20E-18,2.65E-17,2.65E-17,1.65E-17,1.86E-17,0,1.08E-17,0.002948821,0,0.012811044,0,0,9.45E-17,0,0.004235776,2.17E-18,0,4.34E-18,0,7.81E-18,0,3.47E-18,0,0,2.65E-17,0,5.64E-17,0,2.17E-18,0,0.001917031,0.006742978,2.21E-17,0,0,0.001312894,0,0.003964974,0,0.005932122,0,0,0,0,3.51E-17,0,0,0,2.69E-17,5.20E-17,0,0,0,0,6.46E-17,8.67E-18,2.60E-18,0,0,0,1.73E-18,3.04E-18,0,0,0.015718287,0,0.009240019,0.000255628,0,0,0,3.38E-17,2.08E-17,0,5.25E-17,0.001701307,0,0,0.012499823,1.13E-17,0,6.94E-18,5.38E-17,0,0,0,0,3.90E-18,0,0,0.006144911,0,0.007217022,0,0,0,0.006433565,0.006171165,0,1.56E-17,0.005964176,1.30E-17,3.47E-18,0,5.25E-17,0.000390511,6.07E-18,0,0.020381777,0.00133143,0,1.08E-17,0.012440903,0,0,0,0.001660841,1.34E-17,2.34E-17,0.005861611,9.97E-18,0,0,1.69E-17,1.78E-17,7.81E-18,0,4.34E-19,0.009166171,0,2.30E-17,0.014389334,9.97E-18,0.006684302,3.21E-17,4.77E-18,0,0,0,1.34E-17,0,2.17E-18,0,1.73E-18,0,0.001060607,2.30E-17,0.009215749,0,0,3.04E-18,3.90E-18,3.90E-18,0.000633816,8.24E-18,2.60E-18,0,0,0,0,0.003279694,0.003536721,0.004455677,4.77E-18,4.72E-05,4.34E-18,0,0,0,3.34E-17,1.73E-18,0,0.001130665,6.94E-18,0,3.90E-17,0.003832975,0,0,0,0,0,0,2.56E-17,0.01501832,6.07E-18,2.60E-18,1.43E-17,4.34E-18,0.029094624,0,0,0,0.01438781,4.29E-17,2.17E-18,0.003628152,0,2.60E-18,1.04E-17,0.009686262,0.007626236,3.60E-17,0,0,1.99E-17,1.04E-17,0,0.010716536,0.001064221,0.002799085,0,0.013894094,0.003049312,0,0,0.005682075,1.82E-17,0,0,7.81E-18,0,2.60E-18,1.95E-17,0.000713165,3.69E-17,0,0,0.005942823,0,5.64E-18,8.24E-18,7.81E-18,0,0,0.008207783
2020/10/30,0,1.22E-16,7.29E-17,2.91E-17,0,9.97E-18,0.014315111,0.005410463,5.38E-17,0.02232969,0.002637592,1.65E-17,3.51E-17,0,0.00150832,0.001752969,0,0.028118071,0,0,0,1.59E-05,0.006428198,1.52E-17,0,0,9.67E-17,4.25E-17,0.0103486,0,0.006965481,0,0,0,0.006485598,0,3.69E-17,0,0,0,4.94E-17,9.41E-17,0,0.006924356,0,6.85E-17,6.07E-18,0,0.024522269,0.011445427,0,0.003577114,0.000348888,0,0,0,5.64E-18,0,0.004186402,0,0,0.02688278,3.86E-17,1.21E-17,0,0.015720218,0.010183844,3.64E-17,0,1.69E-17,1.82E-17,4.42E-17,0,7.81E-18,0,0,0.009117723,1.18E-16,7.81E-18,0.006894739,3.90E-18,0.01737197,3.90E-18,0,0,0,2.60E-17,3.04E-17,2.86E-17,0,0,0,3.82E-17,0,0.01093458,0.000631382,1.82E-17,4.08E-17,0,6.07E-18,0,0,0,0.001783777,1.10E-16,0,0,2.65E-17,6.51E-18,0.015890254,0.002466713,0,0,0,2.91E-17,1.30E-17,0,0.007321347,4.34E-18,0,1.04E-17,0.003559069,6.85E-17,0.044046245,0,0.023111332,0,0.000660054,1.17E-17,0,0.001803199,0,0,0,0,0,0.000159602,0.017553403,0,4.51E-17,1.91E-17,3.34E-17,7.76E-17,0,0,0,0.008011841,3.64E-17,8.20E-17,3.34E-17,5.72E-17,0.011634006,0,1.82E-17,1.56E-17,3.90E-18,0,0,0.013629244,0,0,7.81E-18,0,0,4.68E-17,0,0.026887572,2.91E-17,0,0.006609919,8.67E-19,0.067258725,3.47E-18,5.46E-17,9.37E-17,0.010900526,0,3.38E-17,8.67E-18,0.011479061,0,0,0.010117359,6.11E-17,7.85E-17,0.001030893,0,0,9.97E-18,0,0,0,4.68E-17,0,0,0,5.16E-17,2.43E-17,0,8.24E-18,0,8.76E-17,0,0,0,0,0,0,0,0,0,0,4.94E-17,9.11E-18,0,2.91E-17,0.002055274,3.21E-17,0,2.17E-17,0,1.73E-17,0.000809453,0,0,9.97E-18,2.26E-17,0,0,6.68E-17,0.018175376,0,4.21E-17,0.011323095,6.07E-18,0,8.67E-19,7.81E-17,2.60E-18,0,3.51E-17,2.34E-17,0.00109659,0,0,0,1.22E-16,0,0,0,1.99E-17,0,2.17E-18,0,0,0,2.47E-17,8.67E-19,3.08E-17,0,0,0.007801278,2.65E-17,0,0,0,0,5.64E-18,1.60E-17,0,0,1.13E-17,0,0,0,2.39E-17,0.017465111,0,0.007422291,0.005904016,0,0,0,0.01980836,0,0,0,9.71E-17,6.51E-18,0.004707308,4.34E-19,3.60E-17,0,1.26E-17,5.20E-18,1.10E-16,0,0,0,0,0.006948799,0,3.86E-17,0.008772339,0,0,0,5.20E-18,0.002402366,0,6.51E-18,0,3.47E-18,0,0,4.34E-19,0,5.64E-17,0,0,0.00226236,0,1.08E-17,2.56E-17,6.51E-18,5.46E-17,0,4.68E-17,0,5.25E-17,0.007091676,2.52E-17,0,0.01990694,0,0.010731329,4.34E-18,9.97E-18,0,4.34E-19,9.97E-18,0,0,0,0.009398642,0,0,0.006579518,0,0,1.39E-16,6.51E-17,2.26E-17,0,0,0,1.04E-17,0,0,1.99E-17,8.67E-19,0.001918281,3.90E-18,0,0,0.003391401,4.34E-18,0.002589135,0,0.009339455,0,0,0.0053475,3.56E-17,1.47E-17,1.21E-17,0.003117486,0.020874627,9.97E-18,0,2.21E-17,0.014687622,0,0,1.91E-17,1.21E-17,0.008939182,0,0.004470287,2.47E-17,0,0,2.08E-17,0,1.91E-17,0,0,0.006954312,2.47E-17,1.99E-17,0.007298629,8.67E-19,0.009476416,2.78E-17,0,5.55E-17,0,0,0,8.67E-18,0,0,0,0,0.016228172,4.55E-17,0.006373104,3.64E-17,0,4.42E-17,7.37E-18,0,6.94E-18,2.43E-17,9.11E-18,4.34E-18,7.81E-18,0.003506495,0,7.81E-18,0,0.004928019,0,0,1.56E-17,0.002404268,0,0,0,0,0,0.009829371,0,2.13E-17,4.34E-19,0.006574048,1.39E-17,1.73E-18,0.003216333,3.95E-17,2.30E-17,0,8.67E-18,0.019247475,3.73E-17,2.91E-17,3.99E-17,1.13E-17,0.017478129,0,0,7.20E-17,0.009976126,3.47E-18,9.11E-18,0.000435658,5.90E-17,3.04E-17,0,0.011532763,0.006479234,0,0.001853125,4.51E-17,8.33E-17,0,0,0.010360132,0.003177902,0,0,1.73E-18,0.00836575,2.43E-17,0,0.009759199,4.03E-17,4.77E-18,0.001193048,0,9.97E-18,2.73E-17,4.51E-17,0.006412128,0,0,0,0.00801705,0,0,1.21E-17,0,0,9.54E-18,0.022614161
2020/11/30,0,6.32E-19,0,6.45E-19,6.07E-19,0,0.025762349,0,0.013823165,0,1.69E-19,0,0,0,0,3.96E-19,5.43E-19,0,1.74E-19,0,0.00141212,5.57E-19,0,2.10E-19,0,0.001201743,0,0,7.47E-20,6.65E-20,0,9.31E-20,0,0.021129787,2.02E-20,3.26E-19,0,0,8.37E-18,0,0,1.09E-20,1.37E-19,0.003033522,1.06E-19,0.011715923,0,0,1.09E-19,0,9.94E-19,0,8.35E-20,1.99E-18,9.25E-20,0,0,0,7.96E-19,0,0,0,0,0,0,0,5.57E-21,0,0,0,0,2.43E-19,5.25E-19,5.56E-21,0,1.62E-20,0.020338454,0,4.04E-20,0,1.18E-19,0,0,0,4.17E-20,0,0,3.12E-19,7.58E-20,0,4.14E-05,0,9.49E-20,1.43E-19,0,0,0.017266158,0,0,1.07E-19,1.93E-19,6.51E-20,0,0.002172997,3.97E-19,0,0,0,0,7.22E-19,1.42E-19,0,3.83E-19,2.29E-19,0.029412303,0.003376916,0,0.002464996,0,0,4.02E-19,0,1.90E-19,0.009395597,0,0.005280828,1.76E-19,4.65E-20,0,0,6.17E-05,0,0.026330473,0,0,0,2.81E-19,0,0,2.94E-19,1.84E-19,3.94E-19,0,0,0.089228693,0,8.04E-20,4.12E-19,7.41E-19,1.38E-19,0,0,0,0,0.017224459,0,0,1.18E-19,0,0,0,0,0,2.79E-19,0,0,0,3.67E-19,0.002866366,0.059378254,0,0.00047443,1.45E-18,9.56E-20,0,0,1.15E-19,0,6.11E-20,2.45E-19,0,0,1.21E-21,4.90E-19,2.55E-20,1.42E-19,0,2.68E-19,0,0,0,2.76E-19,8.69E-20,7.27E-20,0,4.90E-20,0.028521153,1.48E-19,0,0,0,0.017104484,0,0,0,0,1.49E-19,0,0,0,0,0,0,3.65E-20,2.56E-20,0,3.93E-20,0.012383313,0,1.46E-19,0,1.15E-19,4.19E-20,0,0,1.39E-20,1.09E-19,3.16E-19,0,1.31E-20,0,5.78E-20,1.14E-19,0.006151306,0,0,4.95E-19,0.009976268,2.12E-20,0,1.72E-19,0,9.56E-20,0,4.39E-20,4.32E-19,0,0,0.032134613,0,1.03E-19,1.91E-20,2.35E-19,0,5.38E-20,0,2.24E-20,0,0,1.73E-19,4.96E-18,6.38E-21,0,0,0,0,0,0,1.14E-19,2.80E-20,0,0,0,0,0,0,1.24E-19,0,4.33E-20,0,0,2.28E-19,0,0.027597546,3.22E-19,7.12E-20,0,0,4.92E-19,0.00285786,5.93E-20,0,2.36E-19,1.73E-19,0,2.06E-19,0,0,2.55E-20,0,0,7.80E-20,0,0.089719191,0,6.02E-20,0,0,0.002167145,2.34E-19,1.27E-19,0,2.93E-20,0,0.00444417,0,0,0,0,0,0,0,0.005166919,0,0,0.004391938,1.05E-19,8.65E-20,0.019191975,1.54E-19,0.040806699,0,0,0,0,2.25E-20,0,0,0,0,7.49E-20,4.08E-19,1.12E-19,0,0.045645657,0,1.62E-19,0,2.94E-19,0,0,2.54E-19,4.14E-20,0,0,1.85E-20,0,0,0,0.035543962,0,2.30E-17,2.77E-19,7.75E-20,0,0,1.14E-19,0,9.06E-20,0,0,0,0,2.03E-19,4.80E-20,0,9.39E-20,0.014379674,0,3.65E-19,0,1.21E-19,1.30E-19,1.34E-19,1.70E-19,0,0,0,6.85E-21,0,0,0,0,0,0.014880048,0,0,0,4.22E-21,7.02E-20,0,0,1.74E-19,9.38E-20,0.006384237,2.78E-20,0.04094913,1.20E-19,0.000380914,6.63E-20,5.67E-21,0.013733533,0,1.05E-19,0.045206677,1.56E-19,0,1.07E-19,0,0,0,0,0,0,0,0,0,0,5.44E-20,0,9.41E-20,0,0,0,2.04E-19,3.13E-19,0.03288475,0,0,0.011618922,0,7.81E-20,0,0,1.64E-19,0,0,0,0,6.84E-20,7.85E-20,6.45E-20,1.69E-19,0,1.66E-19,0,2.02E-19,0,0,0,7.28E-20,1.69E-19,7.72E-20,2.89E-19,0,9.54E-20,1.71E-19,0,0,0,0,0.046554701,1.52E-19,0,0,0,5.36E-20,4.48E-20,4.60E-20,6.79E-20,1.55E-19,0,0,0,9.33E-20,0.002186396,3.28E-20,7.87E-20,0,0.000156852,0,1.14E-19,1.31E-19,1.03E-18,0,0,2.10E-19,0.001594589,1.16E-19,0,9.21E-20,0,0,0,0.021892778
2020/12/31,0,0,0,0,2.52E-17,0,0.016571542,1.54E-16,1.48E-16,1.26E-17,0.05803095,0,5.12E-17,0,0,1.47E-17,1.71E-16,0,0,0,1.65E-17,0,0,0,2.99E-17,4.55E-17,3.95E-17,0,2.19E-16,0,4.25E-17,1.49E-16,0,0,0,2.39E-16,0,0,1.04E-16,0,0,0,2.64E-16,0,3.12E-16,0,1.07E-16,0,0,1.30E-18,1.17E-17,0,0,0,0,5.72E-17,6.81E-17,7.29E-17,0,1.72E-16,4.25E-17,0.005416192,1.34E-16,0,0,6.85E-17,0,0,0.00087061,0,1.02E-16,0,0,1.57E-16,9.97E-18,4.51E-17,0.002014683,1.21E-16,0,1.23E-16,2.40E-16,0.01948452,5.64E-18,6.11E-17,4.12E-17,0,0,6.20E-17,0,0,0.033122335,8.54E-17,9.32E-17,1.58E-16,1.43E-17,2.11E-16,1.58E-16,3.34E-17,0,4.47E-17,6.55E-17,1.52E-17,2.11E-16,0.027575376,0,1.32E-16,0,0,0,1.54E-16,0,0,1.98E-16,2.71E-16,0.006105437,0,0,9.54E-17,0,0,0,0,1.24E-16,0,4.33E-16,8.80E-17,0,0,8.24E-17,0,1.17E-17,1.05E-16,7.85E-17,9.58E-17,0,1.03E-16,0,0.002300569,4.43E-16,0,0.014158524,6.11E-17,0,3.36E-16,0.028102118,0,0,0,1.91E-16,4.25E-16,1.77E-16,0.026263663,1.37E-16,1.73E-17,0,7.81E-17,0,0,0,4.94E-17,0,0,0,6.55E-17,0,4.81E-17,7.98E-17,6.07E-17,0,0,1.30E-18,0.126417926,0,3.08E-16,6.98E-17,0.007951612,0,0,1.43E-17,1.04E-16,0,0,0,0,1.04E-17,3.47E-17,6.51E-17,0,1.40E-16,7.59E-17,0,1.50E-16,0,9.45E-17,1.59E-16,0,0,1.14E-16,0,0,3.43E-17,1.48E-16,0,0.011534164,0,0,0,0,1.34E-16,0,0,0.100641321,0,2.38E-16,9.45E-17,0,0,8.89E-17,1.30E-16,6.59E-17,1.00E-16,2.91E-17,0,0,1.00E-16,0,0,0,6.20E-17,6.42E-17,2.78E-17,0,9.19E-17,0,0,0,0,2.21E-17,0,0,5.94E-17,4.51E-17,0.011096248,0,0,0,3.04E-18,0,2.78E-17,1.39E-17,4.68E-17,0,1.48E-16,3.12E-17,4.47E-17,9.37E-17,0,0,0,0,0,6.77E-17,2.17E-17,2.17E-17,0,0,2.45E-16,0.002459927,2.73E-16,0,3.99E-17,0,0,0,1.99E-17,1.13E-16,0,1.91E-17,0,4.99E-17,0,0,3.60E-17,0,4.47E-17,1.86E-17,5.81E-17,0,5.25E-17,0,0,0,0,2.86E-17,9.11E-18,0,2.13E-16,0.000903891,3.06E-16,5.03E-17,5.64E-18,0,2.52E-17,0.044537617,1.13E-17,0,9.11E-18,9.11E-18,0,1.27E-16,1.69E-17,0,0,0,1.78E-17,0,0,0,2.16E-16,4.03E-17,0.003048517,0,7.07E-17,0,3.64E-17,5.20E-17,1.39E-17,0,2.21E-17,0.000583679,0.008934803,0,1.65E-17,0.012418263,0,0.002829658,0,5.64E-18,0,1.13E-17,0.010387642,0,0,1.35E-16,2.13E-17,1.73E-17,0,0,0,0,0,0,0,0,0,2.73E-17,6.94E-17,0,7.37E-17,1.73E-18,1.56E-17,0.154187671,0,1.78E-17,6.77E-17,0.006330784,0,1.43E-17,1.29E-16,5.72E-17,3.78E-16,0,0.048050446,0,8.41E-17,0,0,0.016119245,0,0,0,2.65E-17,0,0,6.64E-17,1.95E-17,0.01993591,0,0,0,1.02E-16,2.04E-16,3.17E-17,2.09E-16,6.85E-17,0,0,0,0,1.05E-16,0.006478577,2.17E-17,6.07E-18,0,0,4.55E-17,0,1.97E-16,2.39E-17,0,0,1.10E-16,3.64E-17,1.90E-16,0,0,0,0,6.07E-18,6.64E-17,0,0,0,6.16E-17,7.55E-17,0,0,1.60E-17,0,0.028608127,1.08E-16,0.038186407,3.47E-17,3.04E-18,9.11E-18,6.59E-17,0.043515407,8.54E-17,5.33E-17,5.64E-18,2.60E-18,1.34E-17,3.86E-17,0,0,0.016934248,0,9.32E-17,0,1.73E-17,0,6.07E-17,0,3.43E-17,8.24E-17,0,0,1.82E-16,2.17E-17,0,0,6.38E-17,0.006475529,0.002774149,9.97E-18,3.30E-17,1.00E-16,0,2.60E-17,0,1.60E-17,0,0,0,2.47E-17,1.73E-17,2.56E-16,2.17E-18,6.46E-17,0,1.47E-16,1.52E-17,5.64E-18,6.77E-17,3.43E-17,0,9.11E-18,4.29E-17,0.019526967,4.47E-17,3.08E-17,5.46E-17,9.02E-17,3.69E-17,0,2.86E-17,0,8.24E-18,6.77E-17,0,1.99E-17,1.21E-17,4.29E-17,1.39E-16,0.009114746
2021/1/29,0,0,0.002770361,0,0,0,0.035286551,0,0,0.020176164,0.005202668,0,0,0,0,0,0,0.003221251,0,0,0,0,0,0,0,0,0,0,0,0,0,0,0,0,0,0,0.008491899,0,0.001396515,0,0,0,0,0.003520546,0,0.006866586,0,0,0,0.011256779,0.00217036,0.008187814,0,0,0,0.003825292,0,0,0,0,0,0,0,0,0,0,0.001832522,0,0.034397004,0,0,0,0,0,0,0.003636755,0.016458588,0,0,0.009781379,0,0.004073448,0,0.012676466,0,0,0,0,0,0,0.01685276,0.004204908,0,0,0,0,0.005658232,0,0,0.008853146,0,0,0,0.011503238,0,0,0,0,0,0.004935252,0,0,0,0,0.006082827,0.009376154,0,0,0,0,0,0,0,0.004649727,0,0,0,0,0,0,0.003000364,0,0,0,0,0.00019405,0,0,0,0,0,0,0,0,0.019191652,0,0,0,0,0,0,0.010339789,0,0,0.025642205,0,0,0,0,0,0,0,0,0,0,0,0,0.002553839,0,0.018846898,0,0.114859786,0,0,0,0.00582243,0,0,0.003299492,0.003021574,0,0,0,0,0,0.003441499,0,0,0,0,0,0,0,0,0,0,0.012076055,0,0,0,0,0.006444857,0,0,0,0,0,0,0,0,0,0.019518981,0,0,0,0,0,0.001823941,0,0,0,0,0,0,0,0,0,0,0,0.001138882,0,0,0,0,0,0,0.001956198,0.011182935,0,0,0,0,0.002539604,0,0,0.003169617,0,0,0,0,0,0,0,0,0,0,0,0,0,0,0,0.002152792,0.002094901,0,0,0,0,0,0,0,0,0,0,0,0,0,0.003706155,0.004169336,0,0,0,0,0,0.018572095,0,0,0,0,0,0.004135766,0,0,0,0,0,0,0,0,0,0,0,0,0,0.030864996,0.008961006,0,0,0,0.009389021,0,0,0,0,0,0.001034206,0,0,0,0,0,0,0.005288261,0,0,0,0,0,0.000582815,0.001876081,0,0.010581774,0,0,0.004440746,0.012572637,0.002633765,0,0,0,0.002938939,0.022272303,0,0,0,0.019985059,0,0,0.001641712,0,0.003047747,0,0,0,0,0,0,0,0,0,0,0,0.04961888,0,0,0,0,0,0.014292575,0,0,0,0,0.013698495,0,0,0,0,0.024885683,0,0,0,0,0.004276606,0,0,0,0.006300505,0,0,0,0,0,0,0,0.001167989,0,0,0.001251122,0,0,0.007150019,0,0.015910225,0,0,0,0.010709367,0,0,0,0,0,0,0,0.006586959,0,0,0,0,0.001800283,0,0,0,0,0,0.000798513,0,0.024792045,0,0.015555908,0,0.002640915,0,0.001606591,0,0,0.019616858,0,0,0.009583377,0,0.00789112,0,0,0,0,0,0.007395371,0,0,0.001540276,0,0,0.00433618,0,0,0,0,0,0,0.005698975,0,0,0.000556266,0,0,0,0,0,0,0,0,0,0,0,0,0,0,0,0,0,0.003106327,0,0,0,0,0,0,0.01004888,0,0,0,0,0,0,0,0,0,0,0,0,0,0,0,0.016831738
2021/2/26,0,2.56E-17,0,9.28E-17,0,7.72E-17,1.96E-16,8.85E-17,0,0,1.37E-16,2.63E-16,0,4.99E-17,0,0,0,0.007248799,0,0.006447837,4.01E-16,0.007056486,0,1.26E-17,0,0,0,0,0,2.39E-16,0.037020352,3.99E-17,0,1.36E-16,0.035555436,0,0,1.24E-16,0,0,1.79E-16,2.48E-16,0,0,0,1.35E-16,1.38E-16,0,0.008935525,2.60E-17,4.38E-17,0,3.99E-17,3.64E-17,0,2.13E-17,2.17E-17,0.009392818,0.004296718,4.04E-16,2.16E-16,0,7.29E-17,0,0,0,0,0,9.28E-17,0,0,2.46E-16,9.84E-17,0,0,3.75E-16,0.017347716,0,0,0,0,0,0,0,0,0,4.34E-19,2.31E-16,2.98E-16,0,0.011955385,0,2.08E-17,0,0,9.50E-17,0,1.46E-16,0,1.13E-17,2.03E-16,4.25E-17,4.90E-17,0,0,1.13E-17,1.78E-17,1.08E-16,7.50E-17,1.30E-18,2.05E-16,0,0,1.93E-16,0,0,6.07E-17,0.008777472,1.86E-17,9.97E-17,4.99E-17,2.21E-17,2.56E-17,0.00786172,0,0.045537149,0,1.11E-16,6.72E-17,0,3.04E-18,0.012397042,6.94E-17,0,0,8.54E-17,1.20E-16,0.061719999,4.64E-17,0,0,0,9.71E-17,0,0,0,0.005743131,0,0,4.34E-17,1.07E-16,9.54E-18,0,0,0,0,0,0.013536549,0.032751776,0,0,4.52E-16,7.81E-17,9.63E-17,0,2.21E-16,0,0,1.96E-16,0.037391579,0,0,5.64E-18,0,0,2.91E-17,0,1.93E-16,1.99E-16,1.02E-16,0,0,0.019515436,0,1.26E-17,0,0,0,0,0,0,3.17E-17,0,0,0,2.17E-18,7.76E-17,2.60E-17,5.12E-17,1.20E-16,0.024332313,0,0,2.99E-17,0,0,0,0,0,5.59E-17,0,0.006562296,0,5.20E-17,0,0,2.56E-17,0,2.29E-16,3.43E-17,0,1.79E-16,7.81E-17,8.02E-17,7.55E-17,0,1.33E-16,1.08E-17,0,6.90E-17,0.021516431,0,0,0,0,0,1.94E-16,0,6.51E-18,1.30E-18,0,0,0,0.001049813,0,0,0,0,3.90E-17,0,2.59E-16,5.29E-17,3.86E-17,0,9.41E-17,0.056096615,4.90E-17,0,4.42E-17,0,0,0,3.69E-17,9.28E-17,4.94E-17,5.25E-17,0,1.11E-16,2.99E-17,4.77E-17,2.95E-17,0,0,5.64E-18,0.004771246,0,0,0,0.011425894,0.006492827,0,1.82E-16,8.37E-17,2.99E-17,2.39E-17,0,0,0,4.42E-17,0,3.95E-17,0,0,0,7.33E-17,0,1.70E-16,3.04E-18,0,1.78E-16,0.010284122,5.64E-17,2.15E-16,0.002937744,0,4.34E-19,0,5.85E-17,8.46E-17,0,0,1.79E-16,1.43E-17,0,0,3.82E-17,0,0,0,3.21E-17,0,0,0,3.25E-17,2.17E-18,2.17E-16,1.30E-18,0,0,0.044483065,0.027479097,0,1.21E-17,0.02654472,0,1.26E-17,8.11E-17,0,4.86E-17,0,2.31E-16,5.03E-17,0,0,0,9.37E-17,6.94E-18,0,9.54E-17,1.91E-17,1.49E-16,0,0,0,0,0,6.51E-18,2.69E-17,0,5.64E-17,1.34E-16,1.18E-16,0,4.08E-17,5.33E-17,2.13E-17,7.37E-18,0,8.28E-17,0.030140151,2.26E-16,4.29E-17,1.60E-16,0,1.39E-17,0,1.30E-18,0,5.12E-17,0,4.34E-18,0.022709425,0,6.51E-18,0,0,1.30E-17,4.38E-17,0.008587841,0,6.07E-18,0,0,0,2.43E-16,0,1.70E-16,0.016175955,0,1.95E-17,0,1.96E-16,4.42E-17,0,0,3.04E-18,0,0,0,0,0,0,5.20E-17,0,0,0,0.015028529,2.04E-17,0,0,0,2.86E-17,0,2.13E-17,0,4.34E-19,3.34E-17,1.73E-18,5.07E-17,0,0.050761748,1.26E-17,4.29E-17,6.20E-17,1.48E-16,0,0,6.11E-17,1.09E-16,0,0,3.25E-17,1.21E-17,2.56E-17,2.39E-17,0.059801923,0,3.21E-17,6.50E-05,5.51E-17,3.04E-18,0,0,0.002053849,3.08E-17,1.39E-17,3.21E-17,6.64E-17,0.101003169,0,6.81E-17,1.65E-16,0,0,3.90E-17,1.53E-16,2.73E-17,0,0,3.30E-17,0,0,0,1.34E-17,3.86E-17,0,0,0.009405982,0,8.54E-17,0,0.012340029,0,8.15E-17,0.013103229,0.020604242,0,0,0,0,6.72E-17,0,1.99E-17,0,5.16E-17,9.67E-17,2.91E-17,0.003753843,0,0,0,9.11E-18,0,9.54E-17,0
2021/3/31,0,0,0,6.97E-19,0.01574284,0,0.005040691,7.54E-20,3.32E-19,0.018891094,2.08E-19,0,0,0,2.15E-19,0.004592741,0,0,0.000150166,1.39E-19,0.00099121,3.56E-21,0.012994743,0,0,0,3.57E-20,3.59E-20,2.11E-06,0.004752064,2.23E-06,5.41E-20,0,3.34E-06,0,3.56E-21,2.61E-06,7.50E-20,5.80E-20,3.53E-20,8.41E-21,4.54E-20,0,6.57E-08,1.43E-19,2.60E-20,0.001369955,5.53E-20,0.002215982,0.007314281,0.003379048,3.46E-06,0,1.13E-19,0,0.01303153,0,0,0,2.58E-20,0,1.52E-20,0,0,3.65E-21,0.000169888,0,0,0.00874157,2.58E-20,3.88E-20,0,9.43E-21,1.22E-20,0,1.74E-20,1.30E-06,2.70E-20,2.41E-20,0.002513071,7.77E-21,0,0,0.024615039,6.84E-21,0.014234419,0,0.008480812,0,0,0,0,0,0,7.13E-20,0,4.90E-07,2.38E-20,0,2.56E-06,0,1.83E-20,0,1.37E-06,0,2.30E-20,0,0,9.95E-21,0.014753895,0.005947658,0,7.89E-20,2.99E-21,7.78E-07,5.71E-06,9.05E-21,2.24E-06,0.001975236,0.000556477,0,0.000715638,3.05E-20,3.98E-06,0,4.35E-06,0.000991523,0,1.67E-20,0,2.95E-06,1.57E-20,3.06E-06,2.52E-21,0,3.35E-20,0.016179268,2.32E-20,0.012641967,0,1.53E-20,1.02E-21,0,0,0.007722607,5.17E-20,0,0.023270782,0,1.51E-20,1.44E-20,2.62E-21,0,4.44E-21,0.006421951,3.97E-20,0,2.11E-20,0.000925579,4.34E-21,1.79E-21,0,2.73E-21,0,0,1.79E-20,0,3.38E-07,8.77E-21,4.31E-06,7.98E-21,0.083649352,0,3.98E-20,0.014126169,8.05E-07,0.002777854,2.74E-20,1.04E-20,0.028809777,6.38E-20,0,3.08E-06,0,0.005270675,0.004785432,0,5.00E-20,0,0,0,8.96E-21,0.002887169,0,0.00977711,0,0.012377133,0,0,0,7.35E-20,0.010912008,0,0.005095918,0,0,0.014452817,8.88E-21,0.018047304,8.03E-21,0,0,0,2.82E-20,1.07E-20,5.63E-20,4.35E-20,5.47E-06,0.009433778,1.58E-20,0.010013995,0,1.95E-20,0,0,0.002824286,0,0.010020852,1.83E-20,1.32E-20,1.23E-20,0.005131102,1.13E-20,0,1.27E-20,0,0.006464873,7.40E-07,0,0,0.00164642,0,1.19E-20,0,1.48E-21,4.31E-20,8.25E-21,0,0.008736187,0,6.90E-21,1.40E-20,1.10E-20,2.33E-20,0,0.015291649,5.10E-20,0,9.17E-22,1.34E-20,0.001861505,0.006518389,1.89E-06,1.42E-20,2.17E-20,0,3.23E-21,0.025770674,0,0,6.75E-21,0,0,0,1.33E-20,1.80E-21,0,0.006613613,6.38E-21,0.00820437,0,1.72E-20,0.000381151,0.010354977,0.037311935,6.12E-20,0,2.62E-21,5.39E-20,7.88E-07,1.10E-20,0.006582962,2.72E-20,0,2.27E-20,0,2.31E-20,1.79E-21,3.23E-20,0,1.44E-20,0,0,1.47E-06,1.42E-07,0,6.93E-21,0,0,6.10E-21,2.09E-20,3.73E-20,0,0.011862131,3.03E-21,0,0,0.010437338,0,0,0,3.72E-21,0.009368578,0,0,0,9.73E-21,0.015574202,8.74E-21,0,0,0,0,3.67E-06,0.035860358,0,0,1.56E-20,1.11E-20,0,0.003964896,0,3.33E-20,5.20E-21,5.00E-06,3.77E-21,0,0.009537352,0,1.77E-20,0,0,0.008236,0,0,8.79E-21,0,0,4.20E-08,0.0038991,0,0.067339145,1.02E-20,1.09E-20,1.95E-06,1.47E-20,0,0.01438853,2.32E-20,1.36E-20,1.25E-20,0,1.29E-06,0,0,1.86E-21,0.000284666,0.022328241,5.82E-21,2.00E-21,0,3.36E-21,6.65E-07,0.015054349,0,0,4.76E-06,2.34E-20,5.81E-21,0.001973037,2.59E-20,0,0.008832523,8.00E-21,1.49E-20,2.10E-20,0.002367384,1.02E-06,1.72E-20,1.08E-20,0.003810107,2.25E-20,0.015772956,1.81E-20,5.57E-21,0,0.011097396,0,0,0,0,3.06E-20,1.06E-20,3.83E-21,2.59E-06,2.36E-20,1.92E-06,1.95E-20,0,0,0,1.31E-06,0,0,0.015400232,0.004261442,1.66E-20,0.01726869,0,5.95E-07,1.02E-20,0,2.08E-21,1.15E-20,1.17E-20,1.65E-20,0.026252658,0,0,1.28E-06,0.007901963,0.008974793,0,2.33E-20,2.03E-20,0,0.003041107,0.003186724,1.29E-20,2.76E-20,1.52E-21,2.52E-21,0,4.56E-07,0,0.005259608,1.66E-20,0,1.58E-20,2.94E-20,0.005765305,3.28E-21,9.52E-21,1.98E-20,0,2.30E-21,3.58E-20,0,0,0.000545562,0,1.38E-20,1.12E-20,0,0,0,9.38E-21,0,0.002029668,0,3.23E-20,0,0,0.0005685,0,3.56E-06,0,2.81E-20,1.64E-06,0,1.42E-21,4.46E-21,0,3.40E-20,1.58E-20,2.81E-23,5.93E-21,1.88E-06,6.71E-21,0,0,1.31E-20,2.72E-21,0,5.04E-06
2021/4/30,2.50E-12,0,0,0,0,0,0,0.010521211,0,0.002755668,0,0,0,0,0,0.002411035,0,0.024863417,0,0,0,0,0.010504909,0.005631481,0.011669831,0,0,0,0,0,0,0,0,0.001353492,0,0,0,0,0,0,0,0,0,0.012541882,0.00728659,0,0,0,0.01121073,0.019886384,0,0.001409917,0,0,0,0,0,0.022318234,0,0,0,0.005541294,0,0,0,0,0,0.011238428,0,0,0,0,0,0,0,0.009671471,0,0,0,0.019300543,0,0,0,0.022653027,0,0.033784939,0,0,0,0,0.014166688,0,0,0,0.005300656,0,0,0,0,0,0,0.01458177,0,0.000840646,0,0,0,0,0,0.008482375,0,0,0,0,0,0,0,0,0,0,0,0,0,0,0,0,0.001351597,0,0,0,0,0,0.01784302,0,0,0,0.018224626,0.014770187,0,0,0,0,0,0,0,0.036220605,0.00551959,0.014389716,0,0,0.003565207,0,0,0,0.016966571,0,0,0,0.006323515,0,0,0,0,0,0,0.001244096,0,0.006955876,0,0.014136902,0,0.013387043,0,0,0.024180929,0,0,0,0,0,0,0,0,0,0,0,0.007724133,0,0,0,0,0,0,0,0.005495464,0.000884613,0.012006377,0,0,0,0,0,0,0,0,0,0,0,0,0,0,0,0,0,0,0,0,0,0,1.23E-10,0.001780172,0,0,0,0,0,0,0.001949557,0,0,0,0,0,0,0,0,0,0,0,0,0,0,0.014047468,0,0,0,0,0,0,0,0,0,0,0,0,0,0,0.030013879,0,0,0,0,0,0,0,0,0,0.008246752,0,0,0,0,0,0,0,0,0,0,0.004537856,0,0,0,0,0.013088122,0,0,0,0,0,0,0,0,0,0,0,0.004144604,0,0,0,0.003873863,0,0,0,0.016731358,0,0,0,0.00435927,0,0,0.010272796,0,0,0,0,0.003568502,0,0,0,0,0,0,0,0,0,0.003617665,0,0,0,0,0,0,0,0,0,0,0,0,0,0.007451613,0,0,0,0,0.004605338,0,0,5.14E-05,0,0,0,0,0,0,0,0,0.000314001,0,0,0,0,0.0126803,0,0,0,0,0,0,0,0,0,0.000736785,0.032150679,0,0,0,0,0,0,0,0,0,0.021397067,0.013157738,0,0,0,0,0,0,0,0,0,0.001658837,0,0,0,0,0.012058731,0,0,0,0.006507548,0,0.002364335,0,0.011787779,0,0.041194846,0,0,0,0,0,0,0,0.000607583,0,0,0,0,0.007628575,0.003178323,0.018613139,0,0,0.001549545,0,0,0,0.006626327,0,0,0.005911617,0,0,0,0,0,0.009152203,0,0,0.018138181,0,0,0,0,0,0,0,0,0,0,0,0,0,0,0.013985523,0.023594956,0.003742667,0,0,0.005528391,0,0,0,0,0,0,0,0,0,0,0,0,0,0,0.000363972,0,0,0,0,0,0,0,0,0.002048197,0,0.026612204,0.020753349,0,0,0,0,0,0.013274913,0,0,0,0,0,0,0.00221897,0,0.01700582
2021/5/31,0,3.43E-17,0,0,0.004136435,3.90E-18,0.007749696,0.004121,0.002704991,3.08E-17,1.21E-17,0,0.001332268,2.82E-17,0,0.008839812,1.39E-17,0.013312557,0.002184107,3.04E-18,0,0,0.011947819,9.97E-18,0,1.86E-17,4.34E-18,0,0,0,0,0.004992193,1.34E-17,0,3.47E-18,0.001786924,2.39E-17,0,0,1.08E-17,0.002628621,8.02E-06,1.60E-17,0.009068309,1.34E-17,0.000200503,1.17E-17,0.007916359,0.006614258,0.013297538,0.001865647,2.39E-17,0,0.001074826,1.73E-17,0,0,0.007109054,0,4.34E-18,0,6.51E-18,0,1.34E-17,0.00124672,7.81E-18,0,8.67E-18,0.00105043,0.002444947,1.65E-17,1.13E-17,3.90E-18,8.67E-18,0.002576279,0.000951223,0,0.004768547,1.43E-17,0.011680023,0.008052793,4.34E-19,0,0.035266438,0,0.017030554,1.43E-17,0,0.000840768,0,0.002896757,4.34E-19,0.006596737,1.82E-17,7.81E-18,6.51E-18,1.73E-18,9.97E-18,0,0.00541171,0.003722312,0.005976659,7.37E-18,0.006506128,0,2.34E-17,0,1.26E-17,9.54E-18,0.012995062,0.001212595,0,9.11E-18,0.002454815,2.56E-17,0,0.006723278,0,0.001000793,1.30E-18,0,0.004949812,0,6.51E-18,5.20E-18,0,0.008078827,0.013161078,1.47E-17,0,2.17E-18,7.07E-17,0.000453321,0,0,0,0.001711991,0.001623705,0.007888264,0.003872102,0,0,3.90E-18,8.67E-19,0.013529166,0.000339619,0,0.01739157,0,6.51E-18,0,1.65E-17,0,1.21E-17,0.004701018,1.73E-18,0,1.82E-17,0,1.73E-18,0,6.07E-18,0.004642356,0,0,0.00075391,0,0.005708151,0.000323991,0.017651301,0,0.023353843,8.24E-18,5.20E-18,0.020357841,0,0,9.54E-18,0,0.002134798,0,2.17E-18,4.34E-18,2.34E-17,0,0.002776587,0,0,0,1.08E-17,0,0,0,5.54E-05,0.002325631,0.001238478,0.008582974,0,0.001008353,0,0,0.010692361,0,0.00171729,0,0,0.008994662,0.003557226,6.07E-18,8.67E-19,0.007700282,0,1.30E-17,0,3.04E-18,2.26E-17,6.94E-18,0,0.004222591,4.34E-19,0.011620415,1.73E-18,0,1.17E-17,0,6.51E-18,2.47E-17,0.003014727,4.77E-18,2.60E-18,7.81E-18,1.30E-17,0,0,0,0,3.04E-18,0,4.34E-18,0,0.000811106,0,0.007686006,0,9.54E-18,0.001929126,0,0,0,0.003826307,2.60E-18,0.00109518,1.73E-18,0.007193487,0.004006548,0.004851976,0,0.007697622,3.07E-05,0,0,8.67E-19,0,0.001477769,3.90E-18,0.000602632,3.04E-18,0.001850583,0,0.001195781,0,0,0.00276245,6.51E-18,0,2.04E-17,1.21E-17,0.001372293,0,0.00322288,0,0,0.001332339,0.008685685,0.001560977,0,1.30E-18,0.00410696,0,0,0.001475411,0,0,0.00213446,8.24E-18,0,9.97E-18,7.37E-18,0,0.004686111,0.003579295,0,0.002496815,0.006017552,6.94E-18,8.67E-19,0,0.000767556,4.77E-18,3.04E-18,3.90E-18,0.004320694,3.38E-17,0.004951302,0.001900871,0.000536211,0,0.004991225,1.47E-17,2.17E-18,0,0.003328311,0.007607669,0.008655899,0.001645896,0.006898864,0.001490545,0,2.17E-18,0,0.000745323,8.67E-19,0,0,0.012632121,0.005940232,0,0,0,0.002731679,0.013877763,0.006540413,0,8.67E-18,0.007842884,0,0,0,1.43E-17,0,6.07E-18,0,0.006998911,0,0,9.54E-18,0.003709685,1.26E-17,0,0,0.007328135,0.038653849,0,1.30E-17,2.17E-18,0.003942714,8.67E-18,0.002256247,0.00107927,9.11E-18,2.34E-17,0.003235747,0.015059443,8.67E-19,0,0,0,0.004687696,0,0.002282141,0,0,0.006654041,0.004265229,0.003204014,2.17E-18,0.006866771,6.51E-18,1.39E-17,0.000738369,6.51E-18,0.001931493,0.001455499,0.00097012,8.24E-18,0.000617512,0.001759568,4.34E-19,0.002237899,1.17E-17,8.24E-18,0.0009463,0.009411497,7.37E-18,1.73E-18,0.001346795,0.003653257,7.81E-18,0.012992066,0.002223621,8.67E-19,8.67E-19,0.002911908,0,0,5.20E-18,0,8.67E-18,0,0.003390409,0,0,0.001832325,0.002871516,0.009338338,0.004323464,0.003437167,0.008356266,0.002422198,0.007161595,0,0,0.003153141,0,3.90E-18,0.004639769,0.016174137,1.73E-18,0.002691744,0.00790795,1.52E-17,0.002924974,0.000150976,7.37E-18,0.00457643,1.34E-17,0.003705735,7.37E-18,0,0.005489095,0,2.17E-18,0.003624432,0,8.67E-19,0,2.17E-18,0.006523034,6.94E-18,5.20E-18,0.001960881,0,0.004855764,0,2.60E-18,0.00334167,7.81E-18,0,0.007399255,0,1.47E-17,0.00233222,3.47E-18,3.90E-18,0.005261947,0.004361576,0,0.003741164,0,1.73E-18,3.90E-18,3.04E-18,7.81E-18,1.30E-18,1.95E-17,3.47E-18,0.003810812,2.60E-18,0.01130586,0.012603887,9.11E-18,2.60E-18,0,1.30E-18,0,0.009142434,0,5.20E-18,2.17E-18,0.00491314,3.04E-18,0,0.00010263,0,0.007228659
2021/6/30,3.90E-11,3.11E-11,4.27E-11,2.66E-11,2.23E-11,3.14E-11,1.56E-11,1.75E-11,0.021100612,4.74E-11,1.80E-11,3.96E-11,2.61E-11,7.27E-12,3.28E-11,0.003994919,5.92E-11,0.011588574,2.57E-11,1.84E-11,1.87E-11,4.90E-11,0.002905914,1.06E-11,6.63E-12,5.45E-11,2.20E-11,3.53E-11,5.85E-11,4.38E-11,5.00E-11,0.00391632,3.73E-11,3.32E-11,3.65E-11,1.76E-11,6.02E-11,2.49E-11,4.62E-11,3.60E-11,1.04E-05,1.87E-11,4.98E-11,1.64E-11,4.95E-11,7.96E-12,2.56E-11,0.004423475,0.005330247,0.005034317,2.45E-11,6.02E-11,6.23E-11,0.005386139,2.92E-11,5.34E-11,2.32E-11,1.35E-11,1.56E-11,4.20E-11,2.41E-11,2.50E-11,5.79E-11,5.06E-11,1.68E-11,5.21E-11,3.09E-11,8.06E-12,0.019728623,0.009223242,3.23E-11,4.48E-11,4.89E-11,3.47E-11,1.78E-11,2.61E-11,2.20E-11,1.73E-11,3.01E-11,0.009182724,6.48E-12,3.88E-11,1.80E-11,0.066199272,5.95E-11,0.016548712,4.82E-11,5.02E-11,2.55E-11,0,1.03E-11,4.47E-11,0.019303961,2.52E-11,3.55E-11,3.95E-11,4.13E-12,5.35E-11,0,1.38E-11,1.28E-11,0.018206546,0.000312289,0.007228101,5.60E-11,2.85E-11,3.94E-11,5.10E-11,4.50E-11,7.38E-12,1.43E-11,3.68E-11,4.06E-11,1.67E-11,3.60E-11,5.40E-11,6.91E-12,5.40E-11,2.67E-11,7.02E-11,2.36E-11,1.56E-11,3.80E-11,4.40E-11,1.17E-11,5.39E-11,1.95E-11,0.028708874,6.91E-11,0,1.74E-11,7.86E-11,2.64E-11,3.11E-11,4.64E-11,1.52E-11,4.58E-11,1.12E-11,1.75E-11,4.34E-12,5.25E-11,4.05E-11,6.72E-11,0.00396786,0.022857763,2.21E-11,3.45E-11,0.022578542,7.25E-11,5.66E-11,3.26E-11,2.64E-11,7.94E-11,5.07E-11,0.002994902,2.51E-11,0,5.91E-11,3.96E-11,2.48E-11,4.04E-11,1.26E-11,1.53E-11,2.41E-11,1.53E-11,4.01E-11,4.96E-11,6.93E-12,2.91E-11,0.035449266,2.02E-11,0.005482379,5.48E-11,4.06E-11,0.020294035,1.44E-11,2.77E-11,3.36E-11,1.68E-11,1.58E-11,3.06E-11,5.77E-11,6.16E-11,5.27E-11,4.94E-11,1.16E-11,8.32E-12,2.67E-11,6.63E-11,2.88E-11,3.49E-11,2.97E-11,2.20E-11,3.65E-11,3.02E-11,1.58E-11,1.09E-11,5.00E-11,3.71E-11,4.98E-11,0.009242774,0.053584506,0,3.33E-11,0,0,1.39E-11,1.72E-11,4.15E-11,2.43E-11,0.035591093,0.021193697,3.15E-11,1.91E-11,4.94E-11,4.94E-11,3.36E-11,2.99E-11,3.05E-11,4.19E-11,0.017779513,2.10E-11,7.67E-11,2.46E-11,3.67E-11,4.84E-11,3.30E-11,2.41E-11,5.07E-11,2.81E-11,6.67E-11,4.63E-11,2.69E-11,3.91E-11,4.36E-11,0,4.37E-11,3.00E-11,5.20E-11,2.82E-11,1.90E-11,2.90E-11,0.015877935,2.33E-11,4.04E-11,0.016126601,5.18E-11,0,2.98E-11,1.04E-11,1.40E-11,1.55E-11,1.95E-11,0.02350395,0.004850854,2.60E-11,3.49E-11,0.000617637,3.11E-11,5.56E-11,1.41E-11,3.64E-11,3.83E-11,2.43E-11,2.07E-11,1.88E-11,3.32E-11,2.64E-11,4.06E-11,2.39E-11,2.65E-11,4.45E-11,3.69E-11,4.55E-11,3.73E-11,5.19E-11,3.24E-11,8.95E-12,4.19E-11,1.60E-11,0,5.73E-11,2.60E-11,1.40E-11,4.51E-11,3.50E-11,4.09E-11,9.60E-12,2.42E-11,2.19E-11,2.92E-11,4.39E-11,2.77E-11,2.66E-11,4.03E-11,1.43E-11,2.21E-11,3.47E-11,4.53E-11,1.29E-11,2.51E-11,5.56E-11,1.78E-11,0.012860105,3.38E-11,3.30E-11,3.79E-11,2.69E-11,2.30E-11,4.26E-11,1.47E-11,0.006080709,2.54E-11,3.07E-11,0.003376731,2.18E-11,0,3.09E-11,4.46E-11,2.90E-11,9.77E-12,1.87E-11,0.01050767,0.02502811,0.001844028,0.019443914,0.000882095,1.62E-11,2.51E-11,4.54E-11,4.52E-11,4.23E-11,3.46E-11,4.17E-11,3.28E-11,0.016959331,6.25E-11,3.00E-11,1.58E-11,1.01E-11,0.043537024,1.69E-11,3.22E-11,2.29E-11,0.063734688,4.66E-11,3.15E-11,3.54E-11,4.33E-11,3.15E-11,3.40E-11,4.71E-11,8.81E-12,0,0,4.41E-11,3.56E-11,3.83E-11,1.56E-11,7.11E-12,0.018700451,0.003882361,3.72E-11,0,2.88E-11,0.004369507,3.64E-11,1.24E-11,2.03E-11,5.79E-11,5.09E-11,6.42E-12,0.031932086,1.77E-11,4.59E-11,2.78E-11,4.16E-11,1.80E-11,2.51E-11,7.61E-12,1.74E-11,5.61E-11,0.001299826,4.07E-11,3.09E-11,2.48E-11,0.002922339,3.57E-11,5.61E-11,4.67E-11,2.11E-11,8.61E-12,3.93E-11,3.08E-11,2.55E-11,2.87E-11,1.89E-11,0.015378306,1.64E-11,2.66E-11,4.23E-11,0.000105823,1.77E-11,2.06E-11,1.24E-11,0.008464683,2.08E-11,1.19E-11,0.014352996,0.005158506,5.55E-11,0.013339481,1.92E-11,3.28E-11,2.46E-11,6.54E-11,4.12E-11,4.83E-11,4.15E-11,2.43E-11,4.65E-11,3.05E-11,2.84E-11,1.09E-11,0.002336904,0.002955016,3.06E-11,0.004969037,0.002225772,1.80E-11,3.53E-11,4.59E-12,1.24E-11,3.05E-11,5.25E-11,0.013159685,0.024121379,2.98E-11,0.003238364,1.57E-11,7.62E-11,1.13E-11,4.46E-11,3.81E-11,1.04E-11,2.38E-11,2.85E-11,3.83E-11,2.29E-11,0.003291724,2.42E-11,4.45E-11,0.0258608,0.006813898,6.18E-11,3.42E-11,2.79E-11,7.01E-12,7.42E-11,6.54E-11,2.37E-11,5.05E-11,6.99E-12,3.73E-11,3.80E-11,2.70E-11,1.91E-11,4.29E-11,5.68E-12,4.05E-11,4.63E-11,3.43E-11,3.68E-11,1.61E-11,6.91E-12,4.38E-12,4.46E-11,3.09E-11,3.91E-11,2.45E-11,3.80E-11,6.10E-11,2.78E-11,2.69E-11,2.27E-11,6.29E-11,1.60E-11,2.76E-11,0.016540129,1.05E-11,6.03E-11,4.00E-11,6.49E-11,6.48E-11,4.15E-11,2.29E-11,2.86E-11,5.00E-11,2.05E-11,5.24E-12,2.98E-11,2.06E-11,3.85E-11,4.41E-11,8.65E-12
2021/7/30,8.07E-17,3.50E-16,6.51E-18,3.08E-17,0,6.20E-17,0,6.38E-17,0.013297629,4.90E-17,0,0,0,0.000194924,0,0.005651798,2.05E-16,0.028874101,0,0,0,0,0.004858232,0.003413236,0.007767168,0,0,0,0,0,0,0.004444362,0,2.52E-17,6.25E-17,8.07E-17,1.35E-16,9.37E-17,1.08E-16,0,5.98E-17,0,2.60E-17,1.60E-17,0,0.002692478,0,0.009094563,0.007227404,0.00602672,0,1.91E-17,0,0.002045327,1.30E-17,5.64E-17,0,0,0.003920722,0,2.13E-17,1.60E-16,0,1.04E-17,0,9.41E-17,0,6.07E-17,0.010721756,0.006648501,4.34E-17,9.80E-17,4.38E-17,0,0,0,2.86E-17,1.95E-17,8.63E-17,0.012525068,0.005346626,4.08E-17,0,0.047090774,1.99E-17,0.018165006,4.03E-17,0,0,0,0.004816255,0,0.017035688,0,0,0,0,0,0,1.60E-17,0.001597266,0.021034428,0.002548108,0.005799038,0,0,4.34E-17,8.41E-17,1.06E-16,1.73E-17,0,1.86E-17,1.69E-17,0,0,2.86E-17,0,1.18E-16,5.77E-17,1.85E-16,0,0,0,4.99E-17,0,2.99E-17,1.26E-17,0.027215967,5.72E-17,0,0,4.34E-18,0,6.51E-18,3.60E-17,1.73E-18,0,0.006023179,0,0.004496058,0,3.64E-17,1.14E-16,0.013727552,0.011181241,0,3.82E-17,0.023899279,4.25E-17,0,0,8.67E-19,0,6.03E-17,0,1.78E-17,0,1.69E-17,5.64E-18,1.34E-17,6.81E-17,1.47E-17,0,2.78E-17,0,0,2.95E-17,0.000407825,6.07E-17,0.034572906,0,0.004343056,0,0,0.016684917,8.67E-19,5.81E-17,0,0,0,6.07E-17,0,2.34E-17,0,0,0,7.08E-06,0,1.66E-16,0,0,6.07E-18,0,1.39E-17,6.77E-17,8.67E-18,1.52E-17,6.94E-17,9.11E-18,6.77E-17,0.008854559,0.030580364,1.21E-17,1.99E-17,0,0,0,0.001648105,5.64E-17,0,0.02798184,0.011205014,0,2.39E-17,7.72E-17,0,2.91E-17,8.24E-18,7.37E-18,0,0.011703128,0,4.42E-17,4.34E-19,0,0,4.77E-17,5.64E-18,0,0,2.60E-18,0,1.65E-17,4.81E-17,0,0,2.52E-17,0,4.16E-17,0,0,0,0.016250865,0,4.34E-18,0.021815929,2.60E-17,0,2.17E-18,0,0,0,0,0.024166936,0.010990229,1.08E-17,2.95E-17,0.013480909,0,7.98E-17,2.17E-17,0,0,0,0,5.64E-18,4.08E-17,0,1.95E-17,0,0,0,3.12E-17,7.16E-17,0,4.94E-17,9.97E-18,9.11E-18,0,2.78E-17,0,2.95E-17,1.78E-17,0,6.59E-17,0,5.29E-17,0,1.17E-17,1.60E-17,0,0,6.07E-18,3.47E-18,0,6.94E-18,2.60E-18,3.34E-17,3.64E-17,0,0,0,5.64E-18,0.014999381,0,0,0,0,0,3.38E-17,2.60E-18,0.004474668,0,1.08E-17,0.006855952,0,0,0,0,0,0,0,0.003343207,0.016683503,0.00450562,0.013824986,0.003450911,2.60E-17,3.04E-18,3.86E-17,0,2.43E-17,6.85E-17,6.77E-17,7.37E-18,0.013352928,8.67E-18,0,0,0,0.031570003,0.002370259,0,3.86E-17,0.050823645,1.69E-17,0,3.90E-18,0,2.78E-17,0,3.25E-17,0,0,0,3.86E-17,0,0,0,0,0.015173574,0,2.60E-18,1.65E-17,4.34E-18,0.007514104,0,7.37E-18,0,0,4.64E-17,0,0.029228997,2.13E-17,2.47E-17,2.73E-17,1.99E-17,1.91E-17,5.20E-18,0.000617275,9.54E-18,0,0.006456707,5.20E-18,4.16E-17,6.94E-18,0.006108019,8.67E-19,1.82E-17,0,0,0,7.37E-18,0,0,0,0,0.011816665,8.67E-18,5.64E-18,2.65E-17,0.001871327,9.11E-18,7.37E-18,0,0.015991986,0,0,0.014069892,0.007116088,0,0.011334983,0,0,1.73E-18,5.55E-17,0,2.78E-17,1.65E-17,0,0,0,1.82E-17,0.009944863,0.001720018,0.003312991,1.39E-17,0.002799185,0.003746304,3.47E-18,9.54E-18,0.00704194,0,1.04E-17,1.60E-17,0.007370054,0.031167615,0,0.005260162,1.34E-17,7.81E-18,5.64E-18,1.99E-17,0,0,0,9.97E-18,0,2.60E-18,0.006447519,6.07E-18,1.30E-17,0.007089667,0.007048811,2.60E-17,3.25E-17,0,0.005303738,0,8.50E-17,1.30E-17,2.17E-17,0.006616132,9.32E-17,0,9.11E-18,0,3.04E-18,0,3.04E-17,0,0,8.67E-18,0.000869912,0.001790628,0.002627044,4.47E-17,0,3.77E-17,1.21E-17,5.64E-18,1.09E-16,9.54E-18,1.17E-17,0,3.47E-17,0,0,0.02011728,0,3.21E-17,0,0,5.29E-17,4.73E-17,5.20E-18,0,2.82E-17,5.64E-18,0.0008233,0,0,0,0,0.001274042
2021/8/31,9.54E-18,0,1.87E-16,3.34E-17,0.007914752,0,6.29E-17,0,0.003962316,1.69E-16,0,4.12E-17,4.86E-17,0.000870796,3.51E-17,0,9.54E-18,2.26E-17,4.77E-18,0,0,0,0,0,5.07E-17,4.60E-17,3.99E-17,0,4.03E-17,0.003911008,0,1.44E-16,0.001906207,0,9.89E-17,3.82E-17,7.11E-17,0,1.47E-16,0,0,0,0,8.02E-17,0.020548701,4.21E-17,0,7.07E-17,0.00486562,9.54E-18,2.52E-17,0,1.30E-18,0,0,6.03E-17,0,3.21E-17,2.86E-17,0,0.00677492,0.015601942,3.86E-17,0,0,0,0,1.30E-18,0,0.008599127,4.77E-18,5.33E-17,0,1.34E-17,0,0,0,0,0,0,5.16E-17,0,0.012690323,0.004787209,4.90E-17,0,4.03E-17,0,0.003376135,0,3.47E-18,0,0.004580852,0,1.95E-17,0,7.13E-05,0,0,8.28E-17,0,0,8.67E-18,0.008678613,0,2.43E-17,1.26E-17,1.56E-17,6.25E-17,0.013537289,0.011561915,0.005956278,0.003776626,0,0,3.34E-17,0,3.73E-17,2.04E-17,5.20E-18,0,0,5.25E-17,0,0,9.97E-18,0,6.07E-18,1.30E-17,0,0,0,2.21E-17,3.34E-17,3.47E-17,0,1.34E-17,0,0,0,1.39E-17,2.39E-17,2.65E-17,0.028035142,0,2.08E-17,0,0,4.38E-17,0,0,0,4.81E-17,0,6.72E-17,0,0,0,0,4.34E-19,0,0,1.60E-17,0.00024551,0.035808409,0,1.30E-17,2.86E-17,1.86E-17,0.009712572,1.30E-17,0.050349888,2.26E-17,0,0,1.17E-17,0,0,0,0.019464775,5.68E-17,0,0,2.39E-17,1.43E-17,0.005725926,0,4.68E-17,3.12E-17,2.56E-17,5.55E-17,5.72E-17,0,2.39E-17,2.21E-17,1.30E-18,0,5.98E-17,0,0,0,0.023444677,0,1.30E-18,0,0,0.015464086,0,9.24E-17,9.97E-18,0.043837643,0.025081059,0,0,0,5.51E-17,3.08E-17,2.99E-17,6.11E-17,0,0.018028082,7.37E-18,3.64E-17,0,0.00632589,3.60E-17,0,5.64E-18,0,3.73E-17,0.014282788,2.08E-17,2.60E-17,0,0,0,0,7.16E-17,0,0,8.24E-18,0,0,0,0,7.37E-18,0,0,1.82E-17,2.99E-17,7.81E-18,4.29E-17,0,0.006548384,2.04E-17,4.34E-18,0,6.07E-18,0,0,1.39E-17,0,0,4.12E-17,5.20E-18,0.000178492,0,8.67E-18,0,1.30E-18,7.16E-17,0,0,0,0,0,0.002559064,0.016077807,0,0,0,1.60E-17,1.17E-17,6.38E-17,0.006641996,0.014699848,3.99E-17,0.019894753,1.39E-17,0,0,0,3.69E-17,0,0,1.08E-17,0,0,4.77E-18,0,1.99E-17,2.60E-18,4.94E-17,0,0,2.91E-17,0,1.09E-16,1.17E-17,1.47E-17,6.77E-17,0.020790561,0.025309912,2.34E-17,0,1.21E-17,0,2.91E-17,7.37E-18,0,0.016602992,0,0.003781226,0.019335964,0.025535367,0,8.67E-19,0,4.77E-18,0,0,1.44E-16,0,0,2.21E-17,4.34E-18,6.03E-17,0,0,6.51E-18,0.033566776,1.73E-18,0,0.059729913,0.003761001,0,0.033739351,0,0,0,0,0,5.64E-18,0,0,0,0,4.51E-17,0,0.005971799,1.73E-18,0.028962324,2.60E-18,0,0,0,1.17E-17,0,9.11E-18,3.82E-17,0,8.67E-19,0,0,0,2.60E-18,0.000157794,0,0,0,0,0,1.26E-17,2.65E-17,2.04E-17,6.55E-17,0,0,9.54E-18,4.34E-19,0,0,0,0,0,0,0.000143143,0.028054726,0,4.77E-18,0,0,0,0.001036705,3.04E-18,0,0.00226157,2.17E-17,0,0.01173328,0,0.007152593,0,3.17E-17,0,0,0,0,2.43E-17,0,0.003090501,4.47E-17,0,9.11E-18,0,0.017725926,0,2.17E-17,0.016937296,0,9.84E-17,0,0,0,4.08E-17,0,0.021844904,0.003096851,0,7.37E-18,0,0.00293401,4.77E-18,4.34E-19,1.34E-17,3.73E-17,1.04E-17,0,2.60E-18,2.26E-17,0,1.95E-17,0.044410762,1.17E-17,0,1.43E-17,0,0.005572649,0,0,0,0,0,0.010907852,0,0,0,0,0,0,4.77E-18,0,6.03E-17,7.07E-17,0.008782861,5.20E-18,0,6.07E-18,0,0,0,1.04E-16,1.82E-17,0,0,0,0,0,0.005410686,0,4.55E-17,0,2.43E-17,1.82E-17,0,2.30E-17,0.003140429,3.04E-17,5.68E-17,0.022139538,0,9.54E-18,1.86E-17,0,2.82E-17
2021/9/30,1.21E-17,0,0,0,0.000878512,2.60E-17,6.33E-17,2.52E-17,0.015095518,3.60E-17,0.026018725,0,0,0,6.07E-18,0,9.54E-18,0,0,0,0,0,0,0,0,2.39E-17,0,0,0,0.00112747,0,0,6.77E-17,0,5.98E-17,4.03E-17,0,1.30E-18,1.82E-17,0,0.002527746,0,6.07E-18,1.08E-17,1.34E-17,0.006895812,1.86E-17,0,0,0,1.69E-17,0,0,0,0,1.91E-17,3.69E-17,0,0.001197603,0,0,0.003946705,0,5.20E-17,2.47E-17,0,0,2.26E-17,0.00224948,1.30E-17,4.08E-17,0,0,0,0,1.99E-17,6.51E-18,4.12E-17,5.64E-18,0.002052711,5.55E-17,0,0.009795751,0.004793453,8.67E-19,0.002361288,5.51E-17,0,1.34E-17,0,0.000896856,2.52E-17,0.003511209,0.000513438,0,1.47E-17,1.99E-17,0,0,1.21E-17,0.001415048,0.004978276,1.13E-17,0.00350867,8.24E-18,5.64E-18,0,0,1.02E-16,0.013959874,0.00811575,1.17E-17,0.001767155,2.30E-17,3.25E-17,0,0,4.77E-17,6.94E-18,0,6.51E-17,0,0.000596982,0,0,0,8.67E-19,0.008214682,3.04E-17,0,0,0,3.73E-17,0,2.82E-17,0,6.72E-17,0,0,4.03E-17,1.99E-17,4.03E-17,0,0.00647821,0.021533342,0,0,0.008877439,1.21E-16,0,0,0,6.20E-17,5.25E-17,0,8.24E-18,0,0,0,0,4.55E-17,0.010968584,0,1.91E-17,0.013613373,0,0,0.003597326,0,0.00262299,0,0.066336348,5.59E-17,1.04E-17,0.005724474,0,1.17E-17,0,0,2.52E-17,0,2.08E-17,0,0,0,0.008002257,0.009614148,0,0,0.010273318,0,3.56E-17,0,7.37E-18,0,0,1.65E-17,1.73E-17,1.34E-17,2.30E-17,0.018040648,0.030475427,1.43E-17,0,0,0,0,0,1.47E-17,4.77E-18,0.019760201,0.039827341,0,0,1.26E-17,0,0,8.67E-19,0,2.78E-17,0.009983047,0.024254706,8.67E-18,0,0.012003946,0,7.81E-18,0.000881825,0,0,3.73E-17,1.26E-17,0,3.47E-18,0,0,1.99E-17,0,6.07E-18,2.34E-17,0,6.94E-18,0.014738616,0,0,2.43E-17,3.43E-17,0,7.42E-17,0,0,0,0,0.021851392,0.00020327,1.21E-17,0,0,0.004355328,0,0,1.73E-18,0,0,0,7.81E-18,0,1.04E-17,2.43E-17,0,3.04E-18,0,5.64E-18,2.69E-17,0,0,0,0,4.42E-17,2.47E-17,0,3.95E-17,3.04E-18,0,3.38E-17,0,0,0.019322378,2.17E-17,0,1.30E-17,0,4.77E-18,1.82E-17,2.65E-17,0,6.94E-18,0,1.04E-17,0,0,2.52E-17,0,0.000219199,0,3.90E-18,0,0,2.78E-17,0,0,0.01899633,0,1.52E-17,0.001023118,1.30E-18,0,9.54E-18,0,0,0.022777293,4.34E-18,0.005415632,0.01907258,0.010780651,0.01370977,0.006287814,0.007699115,0.015493497,2.13E-17,6.07E-18,4.34E-19,0,1.47E-17,0,0.003210146,0,2.73E-17,1.21E-17,7.81E-18,0.044295299,0,0,0.020045086,0.029843754,1.47E-17,0.006312205,1.39E-17,2.26E-17,8.67E-19,0,0,0,0,0,8.24E-18,1.17E-17,4.77E-18,3.04E-18,0.002481747,5.20E-18,8.24E-18,2.17E-18,1.82E-17,5.20E-18,0.011973735,1.17E-17,9.97E-18,0,0,1.30E-18,9.54E-18,0.004936083,1.04E-17,8.24E-18,0,0,0,0,0,1.91E-17,3.21E-17,0.001784445,1.17E-17,0,1.73E-18,0.002367862,0.002658872,5.16E-17,0,0,0,0,0,0.001906279,0,0,0.022055484,3.04E-18,0,0,6.51E-18,0,0,3.90E-18,0.015141558,0,0.002328622,0,0.007641274,0,0.007627178,0,8.67E-18,0,1.30E-17,1.65E-17,1.21E-17,0,3.90E-18,0,0,8.24E-18,1.43E-17,0.006908965,0.017440462,1.78E-17,5.64E-18,0.004376547,1.73E-18,0,0.00017963,0.002907301,1.78E-17,1.13E-17,0.000642356,0.035132323,0.001436561,0.007447295,0,0,0.002973262,0,0,0.00734495,1.47E-17,0,3.47E-18,0.00106901,0.008086731,0,0,0.043739393,0,1.04E-17,6.07E-18,0,0,3.95E-17,0,6.07E-18,0,0,0.002577094,0,0,0,0,0,2.17E-18,0,0,2.13E-17,0,0.009885435,0,3.17E-17,4.77E-18,1.91E-17,0,4.77E-18,7.76E-17,3.64E-17,8.24E-18,0.00361799,2.30E-17,0,0,0.019009698,5.64E-18,0,4.34E-18,0,0,2.26E-17,2.60E-18,0,0,6.07E-18,0.005888284,0,7.37E-18,6.51E-18,5.64E-18,0.001493433
2021/10/29,0.002028398,0.002028398,0.002028398,0.002028398,0.002028398,0.002028398,0.002028398,0.002028398,0.002028398,0.002028398,0.002028398,0.002028398,0.002028398,0.002028398,0.002028398,0.002028398,0.002028398,0.002028398,0.002028398,0.002028398,0.002028398,0.002028398,0.002028398,0.002028398,0.002028398,0.002028398,0.002028398,0.002028398,0.002028398,0.002028398,0.002028398,0.002028398,0.002028398,0.002028398,0.002028398,0.002028398,0.002028398,0.002028398,0.002028398,0.002028398,0.002028398,0.002028398,0.002028398,0.002028398,0.002028398,0.002028398,0.002028398,0.002028398,0.002028398,0.002028398,0.002028398,0.002028398,0.002028398,0.002028398,0.002028398,0.002028398,0.002028398,0.002028398,0.002028398,0.002028398,0.002028398,0.002028398,0.002028398,0.002028398,0.002028398,0.002028398,0.002028398,0.002028398,0.002028398,0.002028398,0.002028398,0.002028398,0.002028398,0.002028398,0.002028398,0.002028398,0.002028398,0.002028398,0.002028398,0.002028398,0.002028398,0.002028398,0.002028398,0.002028398,0.002028398,0.002028398,0.002028398,0.002028398,0.002028398,0,0.002028398,0.002028398,0.002028398,0.002028398,0.002028398,0.002028398,0.002028398,0.002028398,0,0.002028398,0.002028398,0.002028398,0.002028398,0.002028398,0.002028398,0.002028398,0.002028398,0.002028398,0.002028398,0.002028398,0.002028398,0.002028398,0.002028398,0.002028398,0.002028398,0.002028398,0.002028398,0.002028398,0.002028398,0.002028398,0.002028398,0.002028398,0.002028398,0.002028398,0.002028398,0.002028398,0.002028398,0.002028398,0.002028398,0,0.002028398,0.002028398,0.002028398,0.002028398,0.002028398,0.002028398,0.002028398,0.002028398,0.002028398,0.002028398,0.002028398,0.002028398,0.002028398,0.002028398,0.002028398,0.002028398,0.002028398,0.002028398,0.002028398,0.002028398,0.002028398,0.002028398,0.002028398,0.002028398,0.002028398,0.002028398,0,0.002028398,0.002028398,0.002028398,0.002028398,0.002028398,0.002028398,0.002028398,0.002028398,0.002028398,0.002028398,0.002028398,0.002028398,0.002028398,0.002028398,0.002028398,0.002028398,0.002028398,0.002028398,0.002028398,0.002028398,0.002028398,0.002028398,0.002028398,0.002028398,0.002028398,0.002028398,0.002028398,0.002028398,0.002028398,0.002028398,0.002028398,0.002028398,0.002028398,0.002028398,0.002028398,0.002028398,0.002028398,0.002028398,0.002028398,0.002028398,0.002028398,0.002028398,0.002028398,0.002028398,0.002028398,0.002028398,0.002028398,0,0,0.002028398,0.002028398,0.002028398,0.002028398,0.002028398,0.002028398,0.002028398,0.002028398,0.002028398,0.002028398,0.002028398,0.002028398,0.002028398,0.002028398,0.002028398,0.002028398,0.002028398,0.002028398,0.002028398,0.002028398,0.002028398,0.002028398,0.002028398,0.002028398,0.002028398,0.002028398,0.002028398,0.002028398,0.002028398,0,0.002028398,0.002028398,0.002028398,0.002028398,0.002028398,0.002028398,0.002028398,0.002028398,0.002028398,0.002028398,0.002028398,0,0.002028398,0.002028398,0.002028398,0.002028398,0.002028398,0.002028398,0.002028398,0.002028398,0.002028398,0.002028398,0.002028398,0.002028398,0.002028398,0.002028398,0.002028398,0.002028398,0.002028398,0.002028398,0.002028398,0.002028398,0.002028398,0.002028398,0.002028398,0.002028398,0.002028398,0.002028398,0.002028398,0.002028398,0.002028398,0.002028398,0.002028398,0.002028398,0,0.002028398,0.002028398,0.002028398,0.002028398,0.002028398,0.002028398,0.002028398,0.002028398,0.002028398,0.002028398,0.002028398,0.002028398,0.002028398,0.002028398,0.002028398,0.002028398,0.002028398,0.002028398,0.002028398,0.002028398,0.002028398,0.002028398,0.002028398,0.002028398,0.002028398,0.002028398,0.002028398,0.002028398,0.002028398,0.002028398,0.002028398,0.002028398,0.002028398,0.002028398,0.002028398,0,0.002028398,0.002028398,0.002028398,0.002028398,0.002028398,0.002028398,0.002028398,0.002028398,0.002028398,0.002028398,0.002028398,0.002028398,0.002028398,0.002028398,0.002028398,0.002028398,0.002028398,0.002028398,0.002028398,0.002028398,0.002028398,0.002028398,0.002028398,0.002028398,0.002028398,0.002028398,0.002028398,0.002028398,0.002028398,0.002028398,0.002028398,0.002028398,0.002028398,0.002028398,0.002028398,0.002028398,0,0,0.002028398,0.002028398,0.002028398,0.002028398,0.002028398,0.002028398,0.002028398,0.002028398,0.002028398,0.002028398,0.002028398,0.002028398,0.002028398,0.002028398,0.002028398,0.002028398,0.002028398,0.002028398,0.002028398,0.002028398,0.002028398,0.002028398,0.002028398,0.002028398,0.002028398,0.002028398,0.002028398,0.002028398,0.002028398,0.002028398,0.002028398,0.002028398,0.002028398,0.002028398,0.002028398,0.002028398,0.002028398,0.002028398,0.002028398,0.002028398,0.002028398,0.002028398,0.002028398,0.002028398,0.002028398,0.002028398,0.002028398,0.002028398,0.002028398,0.002028398,0.002028398,0.002028398,0.002028398,0.002028398,0.002028398,0.002028398,0.002028398,0.002028398,0.002028398,0.002028398,0.002028398,0.002028398,0.002028398,0.002028398,0.002028398,0.002028398,0.002028398,0.002028398,0.002028398,0.002028398,0.002028398,0.002028398,0.002028398,0.002028398,0.002028398,0.002028398,0.002028398,0.002028398,0.002028398,0.002028398,0.002028398,0.002028398,0.002028398,0.002028398,0.002028398,0.002028398,0.002028398,0.002028398,0.002028398,0.002028398,0.002028398,0.002028398,0.002028398,0.002028398,0.002028398,0.002028398,0.002028398,0.002028398,0.002028398,0.002028398,0.002028398,0.002028398,0.002028398,0.002028398,0.002028398,0.002028398,0.002028398,0.002028398,0.002028398,0.002028398,0.002028398,0.002028398,0.002028398,0.002028398,0.002028398,0.002028398,0.002028398,0.002028398,0.002028398,0.002028398,0.002028398,0.002028398,0.002028398,0.002028398,0.002028398,0.002028398,0.002028398,0.002028398,0.002028398,0.002028398,0.002028398,0.002028398,0.002028398,0.002028398,0.002028398,0.002028398,0.002028398,0.002028398,0.002028398,0.002028398,0.002028398,0.002028398,0.002028398,0.002028398,0.002028398,0.002028398,0.002028398,0.002028398,0.002028398,0.002028398
