,MMM,AOS,ABT,ABBV,ABMD,ACN,ATVI,ADM,ADBE,AAP,AMD,AES,AFL,A,APD,AKAM,ALK,ALB,ARE,ALGN,ALLE,LNT,ALL,GOOGL,GOOG,MO,AMZN,AMCR,AEE,AAL,AEP,AXP,AIG,AMT,AWK,AMP,ABC,AME,AMGN,APH,ADI,ANSS,ANTM,AON,APA,AAPL,AMAT,APTV,ANET,AJG,AIZ,T,ATO,ADSK,ADP,AZO,AVB,AVY,BKR,BLL,BAC,BBWI,BAX,BDX,BRK-B,BBY,BIO,TECH,BIIB,BLK,BK,BA,BKNG,BWA,BXP,BSX,BMY,AVGO,BR,BRO,BF-B,CHRW,CDNS,CZR,CPB,COF,CAH,KMX,CCL,CARR,CTLT,CAT,CBOE,CBRE,CDW,CE,CNC,CNP,CDAY,CERN
2019-10-31,1.4189175166577213e-12,2.8203670551680297e-12,3.929554284803667e-12,5.620875183991167e-17,1.0047183721717692e-16,1.267422173100507e-11,6.6119462927145205e-12,3.101948805254712e-11,1.684327900770315e-11,3.777353612067525e-12,6.327305615108332e-13,3.1572215135187337e-12,1.891931186871314e-16,7.47579353635569e-12,2.3753613496291976e-16,6.351735327805183e-12,1.2195959550039532e-16,5.659394083906943e-12,5.598088720919845e-16,4.473398479786525e-09,1.0429017976691768e-11,3.864199195935681e-17,1.1833036510111597e-11,1.0022043707231346e-16,2.190371085289954e-11,2.9727941589201677e-16,1.0725315172366605e-16,7.368986442546137e-12,2.9001112002902965e-12,1.5060730923909592e-15,1.143176648316113e-11,1.6331766513418518e-17,2.182754880923282e-17,1.806034319666889e-17,1.1268060408914006e-16,3.1691957151055227e-18,1.1848795820025428e-11,5.583443382141714e-18,2.1963105875169766e-17,8.945980025751429e-17,1.300323693674799e-11,7.591307676254116e-11,5.773949515384718e-12,1.9267853634672458e-11,6.565988482893072e-15,1.5707383917803472e-17,0.9999999999999999,3.4755980475121045e-11,2.3866590856360843e-17,4.667787038104542e-16,6.056758290531315e-17,2.110229616444037e-11,5.2975605628488544e-18,8.247286940032268e-17,1.6487799740534189e-16,1.4646664263879216e-11,3.300841958853561e-12,4.98089388924228e-12,7.643655129665489e-12,5.066112422846315e-12,1.0511366784474852e-17,3.9961209838927674e-12,6.041956364680129e-16,5.439153374133183e-16,1.9462139253433665e-17,5.699821649441016e-17,5.2242132454140684e-17,1.7008386354464035e-17,6.625950312489801e-12,1.9636377002536472e-16,4.054669600686321e-17,9.684554286114245e-12,8.609722789926586e-12,5.651822663854171e-17,1.343277759513824e-16,4.806712914536392e-18,8.882638997389684e-12,1.0445630622605095e-12,2.8864599747494932e-16,8.73833812344538e-17,8.288818697109162e-12,1.4569862622480279e-15,1.9641830084770612e-11,1.769182163143524e-17,1.8489173544402374e-11,1.779748494629106e-11,4.863402717259707e-12,1.5536907383959206e-17,2.8974106271263448e-11,0,6.891883983996669e-17,6.611846072063927e-13,6.798199288223123e-23,2.605801099663764e-16,4.235713474737489e-11,3.303639484655844e-12,1.8065226592521573e-16,5.982426255883874e-13,0,6.212865497650283e-12
2019-11-29,0.0,1.196959198423997e-16,0.0011120449255653912,0.025880227927816538,0.03545297681941327,0.006768496649040305,0.022173604681181295,1.5612511283791264e-17,0.010483273082402877,1.734723475976807e-18,0.046979337888982446,0.02252712657737327,0.0105801634802122,1.0408340855860843e-17,5.204170427930421e-18,0.002864321691119407,0.0006861327736998931,3.469446951953614e-18,0.026195958112226823,0.052251193120492104,0.01773292348888411,0.012405583154832499,0.0,0.013510152450703533,0.01547682997611946,0.0,0.022722461598400114,6.938893903907228e-18,0.007254354620064363,0.0,0.008600928394001894,0.007219613543757747,0.024858049697575546,0.01340335449375863,0.010336982057960015,0.006679751569022233,0.014922688883911347,0.0,0.008712042501780778,6.938893903907228e-18,0.0,0.02591299536336271,0.035347672856673534,0.0005672641324185115,0.0,0.026112437190612812,0.03264180694909949,3.469446951953614e-18,0.001479015634129251,0.0015002608891588522,0.011780998873908204,0.0006698736939856013,0.01062635939643366,0.004039338381900744,1.3877787807814457e-17,0.0033504404073911994,0.011023370902491319,0.029999906919748125,0.0018711287408779576,0.019609758188450947,0.007251455079805033,8.673617379884035e-18,0.020433434974985898,0.019872247667711264,1.734723475976807e-18,0.015582176144820315,0.0014466840365055626,0.034586480588063115,0.02675233990787832,0.0,0.013472178176133259,5.204170427930421e-18,0.022984285769881214,0.0020419158406091483,0.006608888014588718,0.015226602995256387,0.010416517786837245,0.01623630036711284,0.0,0.00999997721637818,0.008507172012131765,0.0,0.0021661459372134487,0.02328042514454237,0.0,5.204170427930421e-18,0.006158443249093212,0.003355301926973379,8.673617379884035e-18,0,0.003966952951317261,0.016376361250645385,1.734723475976807e-18,0.0,0.012119544011083495,0.004889306743448769,0.0319456595260432,0.0,0,1.734723475976807e-18
2019-12-31,9.866071375171902e-13,6.362060679566836e-13,5.036925776959029e-17,3.9173721013031325e-13,9.058033623720602e-12,7.670812892138077e-11,6.273926179234553e-16,3.0402054346026507e-12,1.7461853494360367e-14,1.3278997764426788e-12,1.766695720727185e-12,7.71484534027598e-13,1.1466029010290787e-15,9.628068104615091e-17,2.7946421909736966e-16,1.0776594975776909e-16,3.760615379617856e-12,2.6804310765729602e-12,1.910720931432761e-12,4.3205885978267673e-13,1.5793660305412957e-12,1.3352262784135345e-12,9.520529667948616e-18,1.0619784878299995e-15,2.1872773958270828e-16,1.165583866599742e-16,6.345916808693929e-13,2.2778288911590185e-12,9.746863185231204e-17,3.668733957026532e-12,1.1913738183156084e-15,1.0014134589904083e-10,1.2538292883479697e-12,2.6884682312152774e-17,7.51987864425197e-13,5.386678221406723e-17,1.7054251088818069e-16,1.0684419398516678e-12,1.033557575264944e-16,1.3021105558987164e-15,9.369195431019534e-13,5.050507673625692e-16,8.358943737674308e-17,5.608099283186708e-11,4.3448674900393874e-17,2.959895938360102e-11,4.627791580897028e-17,9.053664603784646e-14,2.8219071877867946e-12,1.9559837605556275e-17,3.2315225860538954e-16,6.7151711942117e-14,4.076947728667312e-11,1.5683038883453277e-17,9.374207678246435e-16,9.81317627919009e-13,2.6263362496796047e-13,2.8580972489351873e-12,1.5172666271317601e-16,1.086718998713754e-12,4.656391100241355e-13,1.365755541777845e-12,6.325470627281417e-13,1.3250251788506166e-13,4.9981701566811645e-17,4.0571635353297736e-17,4.685872728362499e-13,9.89884943677675e-17,5.1510398883788603e-11,2.78313256467438e-17,4.933374776225148e-13,4.7205868459856526e-17,5.9990193391975e-16,8.466137005174714e-14,4.296937323896848e-13,2.935562211099199e-13,1.0,7.049109471279049e-13,2.0275303299078435e-16,5.686331313747234e-16,1.3684153096622019e-12,7.007931869918494e-13,9.319250273919868e-13,1.4339682709848003e-16,8.625295540633967e-14,1.7271239554098144e-12,1.4716512036234373e-17,1.2816471645685568e-16,4.0225488639123557e-16,0,2.271194088281805e-17,8.66918145450412e-13,1.7083619099870846e-12,8.939256128352781e-12,5.3043641823547e-13,1.8299431844526417e-16,3.718936705146739e-13,3.618075465096429e-17,0,7.217183084638835e-13
2020-01-31,2.8130336276620456e-16,2.193580651857804e-17,1.4179584848152333e-12,2.8726970891278207e-13,2.837431284487814e-16,1.9844510160153623e-17,1.745656310584205e-12,7.912693843161447e-13,6.083375373524076e-14,8.302670139906997e-17,7.000281652216754e-13,6.011503303901023e-13,3.35717483834242e-17,1.526476551014071e-16,5.972318410754098e-17,7.678684706312565e-13,3.674968049908775e-17,2.334763291117194e-12,3.8750429606511917e-13,4.307129086339858e-17,1.0245506042735962e-12,9.934159643555936e-13,9.999813008710897e-13,3.192931897758656e-13,3.755771736288359e-16,1.0887735772498835e-12,2.3477359461349262e-12,3.1510838354437676e-17,1.95667372418115e-13,5.56980888164848e-14,2.544869518425557e-17,8.656396583551832e-14,1.4206222419922625e-12,1.6061647004781063e-12,1.8576793222956114e-13,2.1017672538416987e-17,5.865384218291491e-13,2.0900892194540592e-13,3.304250777272396e-17,6.901644778365402e-13,1.6785899029991143e-12,7.538278110299e-14,6.889630265048909e-17,8.268527401242986e-17,1.2198021335486912e-12,1.0,1.7043968043410962e-12,5.512515377388298e-17,2.5758568318460998e-17,2.809274425210211e-17,1.104022722959667e-12,1.6263745301087233e-12,3.7366819620749554e-14,1.0715825494067062e-17,1.0153317508535262e-16,9.131175955930495e-17,2.4239088889260556e-16,1.7993678018782503e-16,3.250259216965242e-13,8.861664183505169e-17,7.784407356412689e-17,3.4692543311253533e-12,9.723092214296803e-13,1.3338467978932302e-14,2.238598408441145e-17,2.5931961039283864e-17,2.936125910643393e-17,1.1703078990233493e-13,9.903278886368697e-18,9.693315208805874e-14,2.18558700779204e-17,3.17516445634946e-17,3.569132641203013e-13,1.0452795168578574e-12,2.6752557978240208e-17,2.244575810218256e-16,1.253978405936747e-14,1.6548530873406347e-17,1.3814348029103279e-17,2.188403541575423e-16,1.0603619217737559e-16,5.754700175994035e-17,2.393581924564547e-13,3.070358800791561e-13,5.025303257203826e-13,7.336089175546368e-17,9.837457543182769e-14,5.720212725682559e-13,3.8910281791645795e-13,0,3.19865308493033e-17,3.5522015516986135e-17,8.513654182866793e-13,2.745617586991117e-17,1.0413839469131136e-16,6.031165805450595e-13,1.5759431561779126e-17,6.764625651029167e-17,0,6.327255414465363e-17
2020-02-28,0.0,2.1163626406917047e-16,0.0,3.2959746043559335e-16,6.765421556309548e-16,3.642919299551295e-16,0.013181342324502295,5.898059818321144e-16,1.6653345369377348e-16,1.8214596497756474e-16,0.014314461998853629,3.157196726277789e-16,0.0,0.0,0.0,0.049032674740106676,2.740863092043355e-16,0.0,4.336808689942018e-17,0.0,0.0,0.0,1.491862189340054e-16,1.700029006457271e-16,1.491862189340054e-16,1.8388068845354155e-16,0.0,4.371503159461554e-16,6.765421556309548e-17,0.0,0.0,9.540979117872439e-17,0.0,1.6306400674181987e-16,1.214306433183765e-16,2.654126918244515e-16,0.0,6.245004513516506e-17,0.0,2.42861286636753e-16,4.0592529337857286e-16,0.09688650752360616,5.377642775528102e-16,2.1684043449710089e-16,0.0,0.16272997794136726,0.0,0.0,1.6306400674181987e-16,7.28583859910259e-17,0.0,1.8735013540549517e-16,0.0,0.0,1.0061396160665481e-16,0.0,0.0,0.0,5.204170427930421e-17,0.0,0.0,2.0122792321330962e-16,0.0,2.203098814490545e-16,1.0928757898653885e-16,1.0408340855860843e-17,0.0,4.163336342344337e-17,0.0,0.0,0.0,0.0,0.0,3.434752482434078e-16,0.0,0.0,0.2839795746641414,0.0,0.0,0.1993456938781049,0.1805297669293174,0.0,0.0,0.0,0.0,1.4224732503009818e-16,1.5092094240998222e-16,6.071532165918825e-17,0.0,0,1.1102230246251565e-16,0.0,0.0,0.0,2.42861286636753e-17,0.0,1.1449174941446927e-16,3.226585665316861e-16,0,0.0
2020-03-31,1.4552546652680943e-18,0.0,0.0,1.8755589196387756e-18,0.0,0.0,0.0618402073163201,2.9808101665831223e-18,0.0,0.0,4.237866902362763e-18,1.1057885226912377e-19,1.4906600198784674e-19,0.0,2.1109724889399717e-19,0.30594442073848427,0.0,5.058082589555422e-20,0.0,7.934613460977806e-18,1.6700821162474436e-18,0.0,1.582968145495473e-18,7.991454328252204e-19,0.0,0.0,0.0,6.593334429981928e-19,1.9670993841884227e-19,0.0,2.1413896320458178e-19,6.468231799117874e-19,1.1686276517865598e-18,0.03613495736455675,0.01101856457206022,1.2032525548860907e-18,0.007823095247549195,1.6600278013915263e-18,0.0,2.6766999429136755e-19,0.0,6.417192470046906e-19,2.3685797699574746e-19,0.0,0.0,0.0,1.829039189567905e-18,0.0,9.718098174439735e-19,0.0,0.0,8.359385146157412e-19,0.0,1.2105227135736192e-18,8.405909367164634e-20,0.0,0.0,9.955275175796034e-19,6.317059126473728e-20,6.62479422626634e-19,2.345385626649986e-18,0.0,0.0,4.712588749423132e-19,7.948356495344687e-20,3.682706099585329e-18,0.0,0.0,0.18230931345664053,0.0,0.0,0.0,4.463248578383128e-19,4.603450840536383e-19,1.6072325680816281e-19,0.0,0.0,5.583176104883253e-19,1.2185402260819565e-19,2.992590122631222e-18,3.6782973808047253e-19,4.607578244142198e-19,5.4202694735546845e-20,5.549357439470199e-19,0.0,0.0,2.1524149152327858e-19,6.293787766422969e-19,3.971862410484828e-19,0,1.1226122636615617e-17,2.3684670674095727e-18,4.833034155414744e-19,8.222328836982728e-19,8.057039507223979e-19,3.034736193549293e-19,0.3949294413043889,0.0,0,3.062848136841494e-19
2020-04-30,0.010605112753361921,0.010741108910038282,0.01005283820756391,0.010227102896265635,0.009537485667846303,0.010279515931484677,0.010537280594107237,0.01042674605824568,0.00992645823518226,0.011537787475429315,0.007125630542178584,0.010709143273707252,0.010548715986108022,0.010322832658011535,0.010190115470429518,0.011552437010984193,0.009634704855081656,0.010480668695777086,0.0112473206146134,0.007693182305383603,0.009741930130873887,0.011160952140457965,0.010883593943223812,0.010466441559367313,0.010430633012513797,0.011025722282527153,0.009427495197853915,0.010089713443183984,0.011749147971605678,0.009604437778685106,0.010994905278479405,0.010155028027403385,0.011065616850608893,0.011410136012037785,0.011079864537952008,0.010423452201995568,0.011516977547853113,0.010125746871701624,0.009184805017266307,0.010052477572259117,0.01000567897098352,0.009599959649135459,0.010122287881854819,0.01057152097191564,0.0028542593728024942,0.009280232754871626,0.010023648740282064,0.009424923872192695,0.010688145188120298,0.010861825120640501,0.011497879934594042,0.010973423361509206,0.011340809011785125,0.009045489624131337,0.0105924500373328,0.010384935099456594,0.01132886654191095,0.009871322690793395,0.008992820199922709,0.011111551525006692,0.009754558340803403,0.011525670960688184,0.010577528626336508,0.010327482909166448,0.01042313095372813,0.008839194952075878,0.010240027826695199,0.010250605486277839,0.011240567468920623,0.009650587148803697,0.010356507730932727,0.011621917199990194,0.010151821898151872,0.01024820591348683,0.01116745505417924,0.00998830535889661,0.009248409852851618,0.009352005057482597,0.010520218182295715,0.010361950877171908,0.010170186148053043,0.011487435732763054,0.009992548750437258,0.007148970595932136,0.011178253332370531,0.009487238591183979,0.010672949692930308,0.009659892458608722,0.009504351531507341,0,0.008572515122541736,0.010134618936563831,0.011599378844385815,0.009769274703788595,0.009865696380472794,0.010704731015736787,0.009802185210930035,0.011244852378616808,0,0.010621472705350198
2020-05-29,0.010568329042312282,0.010942125547539564,0.010058184218373718,0.01012378636606532,0.009396047158398438,0.010124679329300373,0.010612671673213165,0.01049020347816113,0.009811664665834545,0.011746945430495544,0.006111950381592389,0.01072452666215538,0.010841482923012246,0.010363404875480646,0.010317226292033481,0.012132999192264538,0.009578305332794758,0.010471547305826752,0.011486309042928139,0.007219777680070799,0.009884077762112312,0.011378543541363337,0.011173037517899774,0.010202168972642952,0.01016064964457859,0.011164178181706855,0.009169961153060121,0.010265658012659658,0.012117437094299237,0.009734197419367426,0.01119319110724163,0.01016418226085497,0.011326326911350952,0.011539579133307323,0.011413355384578446,0.010685535264288696,0.011932954954118766,0.010184524195705192,0.008814716793064578,0.01013508369760364,0.009867746851729151,0.00949993138118051,0.009905942188670018,0.010709945832645264,0.0009338183636192245,0.008981251327375163,0.009726764313158819,0.009149356189223898,0.010746279683457448,0.0110617796982422,0.011904527339755921,0.011180776350473594,0.011619216550917692,0.008697575784713554,0.010679439610367531,0.010348195325793008,0.011515929282195372,0.009837257221805017,0.00872308644517023,0.011398685536777592,0.009665034467496664,0.011904720130540654,0.010553509747156785,0.010308108378862235,0.010579800073052597,0.008347790428233113,0.010130828961853723,0.010436108184588767,0.011729188778592123,0.009716699361864192,0.010220256036368027,0.012216126712672287,0.010208029939333925,0.010654919144732286,0.011242077086024888,0.009939583992810622,0.009006207042015525,0.008977570544528994,0.01076459278033909,0.010357088505036666,0.01032098606875503,0.011941401426435834,0.009958339606232186,0.005830341455405097,0.011312311385398207,0.009357186189421184,0.010996994304242527,0.009518052576042811,0.00902702980518487,0,0.008212834925386986,0.01037660918628356,0.01175218044350201,0.009527825078294605,0.009829849441636361,0.010957472802272206,0.009650179897635502,0.01137133622135601,0,0.010851798013483011
2020-06-30,0.004560135394146024,0.00592007674209661,0.004120720676817888,0.01413158754175951,0.007278268897567008,0.019222050476276162,0.013535124264605968,0.01030107663135183,0.022570126333936492,0.00489577958196421,0.025143155755556215,0.014085101301025249,0.0,0.01021863486579974,0.007809652706634573,0.011091685496313989,0.015848536801170134,0.009785586376121718,0.008518557689081815,0.02538801175647828,0.012612861092119558,0.002457434399653312,0.001165560574556154,0.006338601900012355,0.00609072184639619,0.00744532697337318,0.02078765735673275,0.012069307175834149,0.0,0.02571402367789179,0.0,0.009970280725704673,0.007198560907128448,0.011475386873330374,0.011307521458261947,0.019001826323212172,0.010445613799776808,0.004842244900050512,0.019888634840742256,0.006962401100536753,0.014727170128372845,0.014095143915811768,0.0,0.008582722276383745,0.04285350200467432,0.030759008292308175,0.018258960953826606,0.0090282532247708,6.938893903907228e-18,0.015824287524835494,0.005195068312555921,0.0030698688710387367,1.734723475976807e-18,0.023953050268747902,0.009240339217787108,0.008142258480017966,0.0007731328569913834,0.009815546534085865,0.0,0.006252036406247132,0.007423371536547376,1.734723475976807e-17,3.469446951953614e-18,0.004677448670838484,0.0031405458800238557,0.020211484810935723,0.005366450436960444,0.008308236180340446,3.469446951953614e-18,0.012452126277398775,0.004988513467414283,0.019066713660695782,0.0052413748333759195,0.01508245947584245,0.0055861458448134725,3.469446951953614e-18,0.015606183172969598,0.012236819803384107,0.013565544684352834,0.015233567965285709,0.00377641019321255,0.004932400455668087,0.01481017701546002,0.042991998568171354,0.011895101831261355,0.004148409569443629,0.0018379674737026962,0.01394259815629039,0.008886778734523114,0,0.015042174201111647,0.006880565491277332,0.0007677182876583907,0.013274699544092855,0.015632813332008916,0.0018579496195659535,0.012405300716232215,0.005232374878098846,0,0.0027293907485688293
2020-07-31,0.0,7.806255641895632e-17,0.0,0.0,2.185751579730777e-16,1.5612511283791264e-17,0.02474630918888618,0.0,0.030681937516918556,0.0,0.11427705100748961,0.040455225488909355,5.898059818321144e-17,6.071532165918825e-17,3.2959746043559335e-17,0.05096156446768884,0.0,2.6020852139652106e-17,0.04974309087516787,0.0,0.0,0.036386862843908,0.0,0.0,3.2959746043559335e-17,0.02195083168235736,0.047892893292660194,1.5959455978986625e-16,0.047309198382810176,0.0,5.724587470723463e-17,0.0,0.0,0.05157362709485408,0.07233706789907943,0.0,0.0,4.336808689942018e-17,6.938893903907228e-17,4.683753385137379e-17,3.2959746043559335e-17,7.632783294297951e-17,0.0,8.847089727481716e-17,0.0,0.1289846605931838,1.734723475976807e-18,0.0,0.016912882839271413,0.01716358922017705,0.0,1.0408340855860843e-17,0.0040938980472036285,0.0,1.3877787807814457e-17,2.0816681711721685e-17,5.204170427930421e-18,0.0,0.0,3.469446951953614e-18,0.0,0.16232530098752004,0.0,0.003799675717536614,0.0,0.0,0.0,9.540979117872439e-17,1.214306433183765e-17,0.0,8.673617379884035e-18,0.0,1.734723475976807e-17,4.336808689942018e-17,2.6020852139652106e-17,0.0,0.0,2.6020852139652106e-17,8.673617379884035e-18,0.027054895811741864,4.85722573273506e-17,0.005366505442314134,0.001295240551968696,1.43982048506075e-16,0.006598598162313276,1.214306433183765e-17,5.724587470723463e-17,0.0,1.43982048506075e-16,0,8.673617379884035e-18,0.0,0.0,6.418476861114186e-17,0.0,8.153200337090993e-17,0.03808909288603959,2.0816681711721685e-17,0,8.153200337090993e-17
2020-08-31,8.923517954492272e-17,9.342510551169423e-13,8.251140868246963e-17,1.1940163508954955e-16,1.1136679850851432e-12,1.826902056869912e-17,2.1699986642719044e-12,1.7958568554917108e-12,5.1822818330725866e-17,1.0149836784377804e-13,6.242624972945101e-17,1.289176675861838e-12,1.1843573113620868e-16,2.455695442778725e-15,7.862410931897546e-13,7.073991161913243e-17,1.2737303951158942e-12,3.7968815127734615e-17,7.131563202537435e-18,9.603104323917525e-18,1.014289253500934e-12,1.153503537768994e-16,7.36141968101714e-14,5.396309762772087e-13,1.4784537868033388e-12,9.841302018066504e-18,5.685441558850675e-13,1.3962208310564598e-17,9.093798819311926e-14,3.1453744836535924e-17,7.460793383948995e-18,7.751635531556169e-13,8.815460999992009e-17,3.3750939317625908e-18,2.2027643631674738e-13,5.374122895464865e-18,7.809916445766776e-18,1.508765404375114e-17,2.2282195366466123e-13,1.2923692197404553e-12,1.3173766857634469e-12,1.6607369158709817e-17,1.16544076609993e-16,6.3720936650064e-17,6.097938234662771e-13,3.1725065018557473e-13,1.3632521448170883e-12,3.660886717872548e-17,5.446245416745759e-13,4.178556246646711e-18,5.24890998371328e-13,1.0493596980332732e-16,2.946401874146875e-13,7.805327415831442e-13,5.055926190649915e-13,1.3868928899868087e-17,4.652323448929555e-18,7.630093739595919e-17,1.227891894153841e-12,3.9811566823194094e-17,2.4782235047761196e-17,7.913832994693443e-13,5.960377264384132e-17,6.39954258890688e-13,1.9485582087743923e-16,1.6507053096817e-17,3.61762063490844e-17,2.0936110422365187e-13,5.766473591196885e-13,4.95600795010367e-17,3.165076283147012e-13,2.362927006878368e-18,3.024558568092463e-17,1.2716196774326621e-17,1.0991006116561039e-12,5.381806864577277e-18,0.9999999999995525,6.7870181270007785e-18,6.302924535881984e-13,1.9751489950250232e-13,7.744328212608736e-17,7.994892499353466e-18,1.992687348404283e-16,4.3026361907942346e-13,5.758606444392885e-13,5.865767314316954e-14,8.36130674533027e-17,1.8328020704324552e-17,1.9485618598832423e-13,0,2.5260465031696665e-13,9.094860971151111e-13,1.0317033684286052e-17,7.131110198410511e-17,2.4723893320641125e-17,2.1017872099262162e-17,9.988087925288074e-18,2.111457190914588e-17,0,2.9499512551969285e-13
2020-09-30,5.225722842915201e-18,4.597409392444385e-13,1.2990630566057754e-12,1.843533541806386e-12,5.0903947279616e-13,1.453655733468712e-17,2.0277409937086474e-12,2.98064278336445e-13,7.969146810990593e-13,2.454514014446558e-13,2.873336941266534e-12,1.1200340847574937e-17,1.7950959704342156e-17,4.1404900838876945e-13,1.7142469332816263e-17,4.673776576661507e-13,1.639785949443764e-17,7.992508591881026e-18,7.814737564535416e-18,1.6302108420436028e-12,5.867754791009421e-13,5.391291586430116e-18,1.4139665031133847e-12,1.1075957648081509e-17,5.440042761672846e-18,2.869166441205641e-18,3.2848410005210573e-18,2.5562166820227632e-18,4.685694827777612e-14,3.543297859493662e-18,6.870576576716807e-18,8.548817230034101e-15,1.191091751017781e-12,1.2951818657410233e-17,2.1091942934725396e-17,4.2552040377253444e-18,3.8280076942721675e-18,8.119622510140645e-13,2.5606845954319e-18,4.5367985765530343e-13,2.6812311850369907e-18,2.7631600942060362e-17,4.164867892689898e-18,9.037527295762003e-13,1.3075848847116898e-12,4.599202548623441e-18,3.3156030165433565e-18,1.6181784196960482e-12,1.0,1.856707025133679e-18,7.330101860155076e-18,1.6017840826199474e-12,4.380344075929583e-18,1.3009612249933598e-17,9.535523945969347e-18,8.214748003939304e-13,7.112888267598686e-18,2.3562750961863105e-17,4.219901303299274e-17,8.588905668885547e-18,1.4524153233448105e-17,1.0299638459899639e-17,3.888417605036314e-15,4.206981962597068e-15,4.62706599151867e-18,7.863282787724107e-18,5.208984718685184e-13,2.7889717887960106e-13,3.6354823919416257e-13,6.106536281592555e-13,1.2126025163361484e-12,8.404182231136179e-18,1.276756691974133e-12,1.08713308482273e-17,4.383513099959457e-13,9.491207924130505e-13,5.640540402717085e-13,6.081821045791846e-13,1.0091091224084298e-18,7.647635274045327e-18,4.56453698114817e-13,6.885326429658167e-14,1.6556748534690376e-18,8.586442286304681e-18,3.4286944688802595e-14,7.822524288169975e-18,1.2829752324543571e-12,3.8875183332233853e-17,1.2934272405792296e-13,0,2.628421511632308e-13,4.99833579113172e-18,1.296637909099184e-17,5.1749505703577685e-18,2.3878145436935146e-13,4.671258512416023e-13,3.761026387476063e-18,1.5172496819163143e-13,0,5.919345521362496e-18
2020-10-30,1.477011411139867e-12,1.8075799656645213e-17,2.0435873776236403e-18,9.683311330791367e-13,8.458291153082884e-18,1.983751485324224e-17,7.665524157763279e-18,6.291420888055858e-18,9.667423150649012e-13,2.4519479744586785e-12,3.1028804992583325e-12,3.101517975003557e-18,5.063406600927427e-18,2.988732800778675e-12,1.3774285082279599e-14,3.842568592539474e-18,1.4345354180588918e-17,8.387096339256336e-19,2.7231813123944255e-12,4.386378501545179e-12,2.3499370802002733e-13,2.3366746081384404e-12,2.0157393206267175e-13,1.7176510829906857e-18,1.0192711106668236e-13,5.561225366274477e-18,5.185466940140609e-18,3.7359889191194064e-18,1.6390725744664587e-12,3.694711671504905e-18,1.9855739364985547e-12,2.9004955516700913e-12,3.187278877392772e-12,2.3578068080277847e-18,1.9114208877777583e-17,3.7430025246113644e-13,3.3468358715086744e-18,1.1937046312617905e-13,3.6495167886993486e-18,1.2857208973221126e-12,2.256500050057959e-12,2.399049498861469e-12,2.531949615925428e-18,6.2826997992137996e-18,8.62567306016658e-18,1.650472812491106e-17,5.169119919767525e-13,5.455228185945604e-13,1.0,4.525847174264785e-18,2.5972232963771783e-19,3.0624104401798816e-18,5.0577304479792935e-18,3.2130814397655942e-18,1.4497299143904444e-12,1.7489236111956511e-12,2.2988069379585066e-18,2.260520030456065e-18,1.0721975709667195e-17,1.3848566874438812e-18,2.271816569366561e-12,1.995665333011831e-18,4.066354558332e-13,2.9205632540798185e-14,1.2433503348906932e-12,3.922693035017846e-18,2.60619766542376e-12,3.8489152450994646e-18,1.5231902185192582e-18,5.962296308640075e-18,4.748602923995709e-18,6.322150594909665e-13,5.76390773046151e-18,3.8352469980298974e-12,4.567019382684437e-18,2.0405665188808374e-12,2.566307155086372e-18,2.3541889394116163e-12,1.0375838987458065e-12,8.770108402465338e-18,1.325870978880603e-12,9.990090929572123e-19,8.009270247166108e-19,2.8540235615617364e-18,1.3668926249878538e-12,8.340211418197005e-13,3.207864457800687e-13,4.7081205614718786e-18,2.952636536220128e-12,0,2.0767277201564928e-18,1.9832145553331313e-12,1.2155592861004026e-13,8.581091413738862e-13,5.502200403945312e-14,1.3130520128317226e-17,3.051211456756866e-18,2.1245499224712279e-13,0,1.9141589457389297e-17
2020-11-30,0.0,1.0755285551056204e-16,0.0,0.0,0.0,1.3183898417423734e-16,6.765421556309548e-17,0.0,0.0,0.0,0.18286892068704233,0.0,0.0,1.0408340855860843e-17,0.0,3.469446951953614e-18,0.0,0.08261619059823262,0.0,0.08576089052192712,1.474514954580286e-16,7.979727989493313e-17,6.071532165918825e-17,3.642919299551295e-17,0.0,1.0408340855860843e-17,0.0,0.0,0.0,2.7755575615628914e-17,4.5102810375396984e-17,3.469446951953614e-17,0.0,6.938893903907228e-18,0.0,3.122502256758253e-17,5.0306980803327406e-17,0.0,1.214306433183765e-17,0.0,0.0,0.0,0.022629876380244204,3.122502256758253e-17,0.08603992706305098,0.0026873270177071376,2.42861286636753e-17,0.0502192792017032,0.03566786811504028,0.0,0.0,0.0,1.0408340855860843e-16,0.0,0.013851290222847923,0.0,1.0755285551056204e-16,0.0,0.039999698020647644,0.0,7.45931094670027e-17,1.4051260155412137e-16,1.3530843112619095e-16,0.0,0.0,0.006912529205971015,0.0,0.002292087196913116,0.0,0.0,0.0,9.367506770274758e-17,5.204170427930421e-17,1.0408340855860843e-17,1.3010426069826053e-16,2.7755575615628914e-17,1.9081958235744878e-17,1.5612511283791264e-17,0.0028433308743795356,0.0,3.8163916471489756e-17,0.0,0.0,0.20179646071179635,7.806255641895632e-17,0.0,2.7755575615628914e-17,8.673617379884035e-17,0.02713408625121426,0,0.11517759995692997,0.0,8.673617379884035e-17,0.0,0.0,0.019517064902266366,0.021985573072085565,1.5612511283791264e-17,0,2.949029909160572e-17
2020-12-31,2.97647670901322e-17,1.4456848368816844e-16,1.5501704406738434e-12,4.5074778931638705e-18,9.469973081443256e-13,2.0440965635694527e-17,3.075756151387013e-17,4.231655189566482e-17,2.1415067993784966e-12,1.3698959383646916e-12,7.315405066899647e-13,1.0,1.3599994809265659e-12,2.3445886185609415e-17,4.1142835887971235e-17,2.96966929883976e-12,7.367706831825487e-17,4.144919316238168e-17,9.035945803692703e-13,2.1707677017089356e-18,1.462731408656473e-17,6.274067403756231e-17,6.109708817742246e-14,1.1192566705655854e-12,2.623145691107875e-17,1.3810882051221492e-12,1.3477960348094453e-12,7.416833003885525e-13,5.136497721013157e-13,1.184427358972169e-16,9.918965315560112e-13,2.0486743726471107e-17,2.0763892029872972e-17,4.2022981195749545e-17,5.0097511291959266e-17,2.1102184479444777e-13,1.257610787211828e-17,3.206169284106178e-13,2.65128847881324e-13,1.599235808310514e-17,5.6593007398721165e-14,9.056500529260475e-18,9.723651438299359e-13,7.591228629760617e-17,3.174613366480526e-12,1.0626613805802016e-13,5.5185448404223274e-17,3.971701194889101e-17,1.6839286702792997e-17,1.9457316797294652e-13,4.858781270657345e-13,3.9946451995245795e-18,1.5284180046055032e-17,1.2460766632957795e-17,6.146908653178531e-17,7.43257699476027e-18,4.0576889161483415e-13,5.0394530280127135e-17,6.501598851349523e-17,5.271003684472955e-13,8.525773475654028e-18,2.1420552612115307e-14,1.6514098793789568e-17,5.081845418303067e-13,6.959177957463339e-14,3.8788927236886475e-14,5.583106103446446e-13,1.4880741067758337e-17,1.2891971289265773e-17,2.4867724275712007e-17,7.553164901140301e-13,1.6069249935347243e-12,2.3374931943878513e-13,1.248721125338722e-17,1.467675745532289e-17,2.0356384613385033e-17,8.685360133337076e-14,2.8357869498320916e-13,5.829846767045024e-13,3.6681247820074225e-13,5.921761208739413e-17,4.2748304609963544e-18,6.264504438104136e-14,7.276554104104597e-13,2.0695285505706193e-17,2.2064325825135783e-17,1.400550314504783e-12,6.565679173043208e-13,2.0248347736948797e-13,0,8.370264462854011e-13,1.034937043068863e-17,3.0663986376322804e-17,1.6034180506976318e-17,1.2124116591483847e-17,1.2190699491354977e-17,2.1899300429269236e-17,7.084345772616152e-13,0,1.9995106440281404e-13
2021-01-29,4.003741782554471e-15,1.9186041644303486e-15,0.0,1.2663481374630692e-15,0.0,9.648531973383001e-15,0.663404649953942,0.0,8.881784197001252e-16,3.6186331708876196e-15,0.0,0.3077473089065286,7.924216838262055e-15,0.0,0.0,0.0,0.0,6.74807432154978e-16,9.471590178833367e-16,0.0,2.9646424204443633e-15,1.9186041644303486e-15,1.8752360775309285e-15,0.0,0.0,6.401129626354418e-16,2.921274333544943e-15,1.0356299151581538e-15,0.0,2.0573820425084932e-15,0.0,9.159339953157541e-16,0.0,0.0,0.0,0.0,0.0,0.0,9.71445146547012e-16,0.0,1.3825746103535153e-15,0.0,2.5777990853015353e-15,0.0,1.7867651802561113e-15,0.0,0.0,0.0,4.753142324176451e-16,4.166805789296291e-15,0.0,1.9723805921856297e-15,2.0452389781766556e-15,3.2439329000766293e-15,0.0,0.0,9.818534874028728e-16,1.970645868709653e-15,0.0,0.0,0.0,0.0,0.0,2.355754480376504e-15,2.896988204881268e-15,5.4088677980956845e-15,6.210310043996969e-16,1.8145207558717402e-15,0.0,0.0,1.726049858596923e-15,0.0,0.0,4.0592529337857286e-16,0.0,6.036837696399289e-16,9.575673587391975e-16,2.0174834025610267e-15,0.0,4.891920202254596e-16,1.8856444183867893e-15,1.7694179454963432e-16,0.018746425210072873,0.0,0.0,0.010101615929459979,8.604228440844963e-16,0.0,1.2385925618474403e-15,0,0.0,0.0,0.0,0.0,3.481590016285452e-15,5.611830444784971e-15,1.0148132334464322e-15,1.9637069748057456e-15,0,0.0
2021-02-26,0.0,0.0,0.04524595955980369,0.0,4.423544863740858e-16,0.0,0.11854591156601035,2.0816681711721685e-17,0.0,0.0,0.10077976100911025,0.13990569887318108,0.0,0.0,0.0,0.0,4.354155924701786e-16,0.021247771166294404,0.0,0.0,5.377642775528102e-17,5.898059818321144e-17,0.0,9.8879238130678e-17,6.938893903907228e-17,1.3357370765021415e-16,2.5673907444456745e-16,0.0,1.734723475976807e-18,1.1622647289044608e-16,3.2959746043559335e-17,0.0,0.0,0.0,0.10070895972225072,0.0,0.0,0.0,0.0,1.734723475976807e-17,2.42861286636753e-17,0.0,0.0,8.673617379884035e-18,6.74807432154978e-16,4.336808689942018e-17,0.0,1.3877787807814457e-17,0.0,0.0,5.377642775528102e-17,4.5102810375396984e-17,0.0,0.0,0.0,2.949029909160572e-17,0.0,6.071532165918825e-17,0.0,0.0,0.0,9.020562075079397e-17,0.0,0.1222388739896105,8.673617379884035e-18,0.0,9.194034422677078e-17,0.0,0.07867141682331744,6.765421556309548e-17,0.0,1.2663481374630692e-16,2.498001805406602e-16,0.0,1.5785983631388945e-16,2.6020852139652106e-17,0.004403772785419454,1.734723475976807e-18,1.249000902703301e-16,0.0,8.847089727481716e-17,1.43982048506075e-16,1.5612511283791264e-17,0.0,0.0,0.09017688646302754,2.949029909160572e-17,5.724587470723463e-17,7.112366251504909e-17,0,0.17807498804197652,0.0,0.0,2.7755575615628914e-17,5.377642775528102e-17,1.700029006457271e-16,2.2551405187698492e-17,0.0,0,3.2959746043559335e-17
2021-03-31,3.8163916471489756e-17,0.0,0.0,0.0,9.367506770274758e-17,1.734723475976807e-18,0.10204181267075901,0.0,4.163336342344337e-17,0.0,2.7755575615628914e-17,0.030956881496089446,0.0,6.591949208711867e-17,0.0,0.0,2.671474153004283e-16,0.05309688085798866,0.012032884265686102,0.0,7.112366251504909e-17,0.0,0.034087086644739695,0.0,5.898059818321144e-17,2.0816681711721685e-17,1.734723475976807e-17,4.683753385137379e-17,0.0771067694556006,0.0,0.0602712688030212,0.0,0.0,0.047262741988613015,0.08012081004838248,0.0,3.122502256758253e-17,8.673617379884035e-17,0.02577782586204862,3.8163916471489756e-17,1.734723475976807e-18,1.0408340855860843e-17,0.0,0.002867483722857081,2.42861286636753e-16,1.3877787807814457e-17,0.0,0.0,0.10871723010887815,0.035139673256164176,0.0,0.0,0.01688655519645424,3.469446951953614e-18,5.204170427930421e-18,0.0161209453132324,7.632783294297951e-17,0.0021509544867327184,0.0,0.0,0.0,0.0,0.017170782377207736,0.06204117120526961,0.0,5.0306980803327406e-17,0.009966189690506473,6.938893903907228e-18,0.0,0.0,1.734723475976807e-18,3.2959746043559335e-17,0.0,0.0,3.469446951953614e-17,0.0,0.0,0.004267119470154846,0.0,0.0,6.938893903907228e-17,0.0024058337927313793,0.015476061481172986,0.0851498916709813,0.0,0.08457291178961078,5.551115123125783e-17,3.122502256758253e-17,1.214306433183765e-17,0,0.0,0.0,0.0,4.336808689942018e-17,0.0,2.7755575615628914e-17,1.5612511283791264e-17,0.0,0,0.014312234345117782
2021-04-30,0.0,0.0,4.527628272299467e-16,5.811323644522304e-16,0.0,0.0,1.942890293094024e-16,4.510281037539698e-16,5.360295540768334e-16,0.0,2.2724877535296173e-16,0.04271393601483927,0.0,4.458239333260394e-16,4.683753385137379e-16,0.0,0.0,0.25630894052637493,0.0,1.8388068845354155e-16,0.0,1.3530843112619095e-16,2.1163626406917047e-16,0.0,0.0,0.0,2.185751579730777e-16,0.0,0.0,1.8041124150158794e-16,0.0,1.231653667943533e-16,1.8735013540549517e-16,0.0,0.0,3.469446951953614e-18,3.469446951953614e-18,3.469446951953614e-18,0.0,1.0755285551056204e-16,0.0,2.5326962749261384e-16,5.377642775528102e-17,0.0,3.2959746043559335e-16,0.0,0.0,4.198030811863873e-16,0.0,0.005516368533167567,0.0,0.0,0.0,0.0,1.231653667943533e-16,3.7643499428696714e-16,7.28583859910259e-17,0.1689036220211252,4.926614671774132e-16,0.0,0.0,7.771561172376096e-16,1.0928757898653885e-16,0.0,3.0878077872387166e-16,1.6479873021779667e-16,0.0,0.02430184992103508,0.0,0.0,0.0,0.0,2.42861286636753e-17,0.0,0.0,0.04994921710540059,6.938893903907228e-17,0.0,0.0,0.0,1.8561541192951836e-16,0.0,0.0,5.551115123125783e-17,1.3183898417423734e-16,0.4523060658780577,5.273559366969494e-16,0.0,0.0,0,0.0,0.0,0.0,1.717376241217039e-16,0.0,3.677613769070831e-16,8.500145032286355e-17,5.377642775528102e-17,0,0.0
2021-05-31,1.734723475976807e-18,3.5908775952719907e-16,5.0133508455729725e-16,0.00710456621357904,0.0,0.0,0.028936834385939393,8.673617379884035e-18,0.0,1.5612511283791264e-17,0.03934605788477584,0.0,3.2786273695961654e-16,0.0,0.0,0.046526705258910846,0.0,0.15526870921301364,1.734723475976807e-18,0.0,0.0,0.0,0.07198577292773892,1.474514954580286e-16,2.949029909160572e-17,4.215378046623641e-16,0.0,3.174543961037557e-16,0.0,3.382710778154774e-16,0.0,0.0,0.0,0.0,0.0,1.5439038936193583e-16,2.949029909160572e-17,2.949029909160572e-17,0.0,1.5785983631388945e-16,1.6132928326584306e-16,0.0,2.949029909160572e-17,0.0,6.765421556309548e-17,1.1622647289044608e-16,0.0,8.673617379884035e-18,0.0,0.13364867884341064,0.06310712422368635,1.960237527853792e-16,1.3010426069826053e-16,2.949029909160572e-17,1.214306433183765e-17,2.896988204881268e-16,0.0,0.0006994085620115244,0.0,0.0,3.2959746043559335e-17,3.972516759986888e-16,0.0,4.336808689942018e-17,0.002505919266248724,1.196959198423997e-16,0.0,9.540979117872439e-17,0.0,0.0,6.765421556309548e-17,5.0306980803327406e-17,0.0,0.011518481814561367,1.0928757898653885e-16,0.0,4.683753385137379e-17,0.0,1.0234868508263162e-16,0.05087663358928511,0.007941498169603739,1.43982048506075e-16,0.0,0.0,0.0,0.27901318381093637,4.336808689942018e-17,5.377642775528102e-17,0.0,0,5.204170427930421e-18,0.0,5.0306980803327406e-17,0.0,1.2663481374630692e-16,8.673617379884035e-18,2.6020852139652106e-17,1.0234868508263162e-16,0,0.10152042583629808
2021-06-30,1.214306433183765e-17,0.008974075382551764,2.0816681711721685e-17,0.0,0.0,0.01568240958435424,0.0,2.7755575615628914e-17,0.10314467186523112,0.01293557428818062,0.05893769742359392,0.0,6.938893903907228e-18,0.050699824898491716,0.0,0.005373836814924706,1.5612511283791264e-17,0.008399457326490261,0.011233159022028334,0.024249113258033073,0.013276524011977722,3.122502256758253e-17,0.0089640512777805,0.019991121892564447,0.028612122647741406,0.0,0.030670012794070542,3.8163916471489756e-17,0.0,0.0,5.204170427930421e-18,0.03239958611907575,0.0,0.018234311118517796,6.938893903907228e-18,2.0816681711721685e-17,0.0,1.734723475976807e-18,0.0,8.673617379884035e-18,0.03881746868834584,0.0,0.0,1.734723475976807e-18,0.00990672288079749,0.03257311360291174,0.011379836288514866,0.03193349262347542,0.004402030527737736,0.0103457549497237,0.012499831421674254,0.0,1.9081958235744878e-17,0.017697843694905034,0.012986930808579104,0.0,0.010989097949834731,0.030687799971890597,0.0,4.163336342344337e-17,0.0,0.047407612837723795,2.42861286636753e-17,0.0,0.0,3.469446951953614e-18,0.024139137748409763,0.02915243145618103,0.06656354542691804,0.03631984580475795,0.0,0.01603085808793054,0.0,0.0,0.009521062991969023,1.734723475976807e-17,0.0,0.011408096739551213,0.0,0.025098314575599905,8.673617379884035e-18,1.734723475976807e-18,1.734723475976807e-18,0.0,3.9898639947466563e-17,0.020442528533686628,0.0,2.42861286636753e-17,0.0,0,0.0,0.0,0.020026014253969483,0.00995075712851924,0.007942321280785026,0.0,0.0,0.0,0,1.734723475976807e-18
2021-07-30,0.0,0.001518663448092478,0.0,2.949029909160572e-17,0.0,0.0066435673409421985,0.0,3.642919299551295e-17,0.15269396297944884,0.0028829716915350833,0.0648446756795085,0.0,2.6020852139652106e-17,0.06714835508392597,0.0,0.00480051090368822,5.724587470723463e-17,0.0026936737712728144,4.683753385137379e-17,0.014536799935998174,0.00576117149398351,0.0,1.5612511283791264e-17,0.024762546822468937,0.039139544642058,3.2959746043559335e-17,0.03624407791236632,8.673617379884035e-18,0.0,0.0,2.949029909160572e-17,0.040113433811240676,0.0,0.022585888144107676,3.9898639947466563e-17,0.0,8.673617379884035e-18,2.2551405187698492e-17,0.0,0.0,0.04504721423948851,1.734723475976807e-18,5.724587470723463e-17,8.673617379884035e-18,0.0020574878670091643,0.04599673382388828,0.004674130034274839,0.037912474827775954,0.0,5.204170427930421e-18,0.006148175803666189,0.0,8.673617379884035e-18,0.0009036827865733701,0.0024466351073118347,0.0,0.011536694960105408,0.03127578005064483,5.724587470723463e-17,4.336808689942018e-17,0.0,0.057709413192869596,8.673617379884035e-18,5.204170427930421e-18,0.0,8.673617379884035e-18,0.01393917986518587,0.02922309998873493,0.10621409837202216,0.0406144525300175,0.0,0.005244500957702872,0.0,4.683753385137379e-17,0.0028691693298265085,0.0,8.673617379884035e-18,0.007135610263905933,5.204170427930421e-18,0.018812110734553925,0.0,0.0,0.0,1.734723475976807e-18,0.0,0.018476706451242844,0.0,4.336808689942018e-17,0.0,0,0.0,0.0,0.025392805152562155,0.0,0.0,1.734723475976807e-18,0.0,5.204170427930421e-18,0,1.5612511283791264e-17
2021-08-31,6.418476861114186e-16,2.498001805406602e-16,0.0,1.061650767297806e-15,7.73686670285656e-16,3.8163916471489756e-16,0.0,3.5041414214731503e-16,0.4292413830743392,8.569533971325427e-16,0.0,0.0,4.579669976578771e-16,0.29289389946737565,5.447031714567174e-16,0.0,0.0,0.0,4.701100619897147e-16,0.0,2.740863092043355e-16,3.7470027081099033e-16,0.0,6.38378239159465e-16,0.0,0.0,4.336808689942018e-17,0.0,0.0,0.0,5.447031714567174e-16,3.95516952522712e-16,0.0,5.499073418846478e-16,0.0,1.5092094240998222e-16,0.0,0.0,0.0,0.0,0.0,4.440892098500626e-16,6.886852199627924e-16,0.0,1.8735013540549517e-16,0.0,0.0,0.0,0.0,9.280770596475918e-16,0.0,0.0,0.0,0.0,4.388850394221322e-16,0.0,5.93275428784068e-16,1.9949319973733282e-16,0.0,3.694961003830599e-16,0.0,0.0,3.365363543395006e-16,4.787836793695988e-16,1.3357370765021415e-16,5.793976409762536e-16,0.0,0.0,0.20085658129546083,1.491862189340054e-16,0.0,1.1796119636642288e-16,8.951173136040325e-16,4.440892098500626e-16,0.0,0.0,3.8163916471489756e-17,0.0,0.0,0.0,0.0,0.0,0.07700813616282447,0.0,0.0,9.71445146547012e-17,1.3183898417423734e-15,0.0,0.0,0,4.3368086899420177e-16,8.673617379884035e-18,1.97758476261356e-16,0.0,1.0408340855860843e-16,1.2247147740396258e-15,7.476658181460039e-16,0.0,0,0.0
2021-09-30,2.5778266513711373e-11,1.0288235213165475e-14,1.3771223411034864e-11,2.4022694862079563e-15,4.155440219733212e-16,8.156803248740791e-16,8.477744799574836e-11,2.293644025678767e-12,1.0,3.504508754895458e-16,7.073699074216697e-11,5.864535007756928e-13,5.63280746297073e-12,1.4527700090701997e-08,3.211641797347335e-11,1.7795663779419965e-15,3.7870145307584076e-16,1.4025852842909616e-15,1.683475410923624e-11,8.919550570759917e-12,6.023010494190885e-11,1.8728966133868222e-11,3.9740834078922155e-11,3.989317093906179e-11,4.608049879210121e-11,9.949544194501597e-16,7.878361782827159e-11,6.522614817420244e-11,2.6342544319528963e-16,5.091165843309819e-11,4.325875761981575e-11,8.979130074744292e-16,4.975577938871049e-11,3.561261075717843e-11,1.970378886953639e-15,1.6032134702755931e-15,1.2728233834618256e-15,9.429675332831287e-16,1.3384332620945771e-15,8.178446680318905e-16,2.0273900090088487e-15,3.5121546322522953e-15,3.221895558084959e-11,7.820987442423268e-12,1.3489442236446973e-15,3.9493641854963926e-16,9.271537172770111e-16,1.9907110689845713e-15,1.0497374284099229e-11,2.1008742759834447e-15,1.3404754128256774e-11,3.0951607560595047e-15,6.713065184439838e-16,1.6009104451041097e-11,1.3575658668438599e-11,1.6442356913535724e-16,1.938910287365522e-16,3.713637763085848e-16,8.17271611240096e-12,9.37973438475836e-16,9.652108306210974e-17,7.080469760432968e-15,8.353760977243762e-12,3.3908097025103706e-11,7.274051246181801e-11,4.833277877235628e-11,3.030131641869012e-16,3.298978487070487e-16,2.147157043894785e-14,3.634689983876547e-18,1.731690427075735e-15,6.446341257790923e-16,2.048480252942191e-11,5.748569975547622e-11,2.195047275070838e-15,8.70895289511845e-12,7.038034706129061e-11,1.955799762588527e-16,2.1312196147498333e-11,3.0788649980704253e-15,1.9677192867720134e-16,7.373981539096925e-11,1.849134006819139e-12,1.1457489940924509e-11,5.523897803392117e-16,3.400700675182214e-11,2.634933723414645e-11,2.2878940325314308e-12,2.3857138079299923e-11,0,3.721716699758693e-12,1.3782846646705857e-11,1.7303519583909896e-15,3.940494967954287e-12,7.836829159235617e-17,8.097237486894045e-15,3.4432221749346874e-15,1.2878238977460488e-10,0,1.5025480883818504e-10
2021-10-29,9.439505538255368e-18,1.2321869204037007e-12,4.7754011355905055e-12,1.2334985865797179e-12,1.5615380523681376e-12,3.402543657976978e-12,7.023682879691486e-17,8.123317914850912e-13,1.2593013974181705e-16,4.070705781617012e-12,2.9347615642757774e-13,2.3510653894375318e-17,6.016103245361815e-14,1.0,4.1699687205041424e-12,8.519104102197676e-13,2.5469955782266915e-17,1.8039477645603663e-13,5.010520372969066e-13,1.2481760610381095e-12,1.5220837497386596e-16,2.2552427572017477e-17,2.962613683413356e-17,1.2175204476130935e-12,4.298631065564728e-13,6.201546868868417e-13,2.0747211260249985e-12,3.8364401817318304e-17,2.0070471717640703e-12,1.887755643036455e-14,5.639888687131699e-13,1.9917255549782944e-13,2.5295237508038746e-17,1.6957104281731237e-17,2.6857258056785516e-17,1.7161590295551046e-12,1.9412554747669523e-12,4.257366268447641e-13,8.876269507419417e-13,5.717850627145533e-18,3.0641846592679474e-17,8.69964132567837e-13,7.710295611010199e-13,7.797439744250885e-18,1.3698459891522322e-17,6.07439713150976e-17,2.115485629457787e-17,7.607403865528395e-14,1.7806932180878983e-17,2.152461830229202e-17,1.0842780927130408e-13,7.990866851976784e-17,9.276403081576149e-17,2.5129819941829665e-17,7.988128699614624e-13,7.608914829396381e-13,9.978073290810873e-18,4.488881741231525e-17,6.955863710779253e-13,1.843378244188698e-17,1.1224404045486587e-17,1.918655014906012e-17,2.2716543324251547e-13,6.28487747000117e-14,1.1595037567533336e-13,2.2995613503154276e-12,4.4270698037844225e-17,1.2618651440715382e-17,6.624753661975844e-18,6.352920999697522e-17,4.668591196348057e-18,1.741767921767954e-12,7.760306545416252e-18,1.429512729876972e-17,3.6244695580833006e-17,5.247752098075915e-17,1.3447904816048086e-12,5.58834575534139e-18,1.7821666882719594e-12,1.5770110505494256e-12,6.005178541527714e-13,9.367188748990264e-13,1.7606550502692876e-17,1.6033251345107739e-13,7.456592998676858e-13,8.994394839641705e-18,6.571437998375901e-13,8.263051729087879e-18,3.6401468469553457e-17,0,1.6722603981396455e-17,5.837791802422505e-18,1.7092112221463447e-13,1.2298951259387523e-12,2.609532833317702e-13,7.982487609877271e-17,2.5905795045893256e-17,1.1081357786017941e-16,0,4.333108724033382e-17
